medallion,hack_license,pickup_datetime,dropoff_datetime,trip_time_in_secs,trip_distance,pickup_longitude,pickup_latitude,dropoff_longitude,dropoff_latitude,payment_type,fare_amount,surcharge,mta_tax,tip_amount,tolls_amount,total_amount,mask,to_be_fixed,date
54465528C88731A5B4E62E9D3CB3184C,A3545ED03ECD690A95D79D8097B3041F,2013-01-01T00:48:00.000+01:00,2013-01-01T00:48:00.000+01:00,0,0.03,-73.987335,40.733295,-73.98738900000001,40.733318,CRD,2.5,0.5,0.5,0.6,0.0,4.1,0,0,8.0
F3F022E9D4E54DC55D6F6D3432CAA30B,DF96A2C6AAF6A52027CF50B5BD14E5FE,2013-01-01T00:48:00.000+01:00,2013-01-01T00:48:00.000+01:00,0,0.0,-73.957298,40.806197999999995,-73.957291,40.80621,CSH,10.0,0.0,0.5,0.0,0.0,52.5,100000,1,8.0
29070848586E5A4CE088742695DC7E54,F28EACF733121513A6AE3D16DA47CD21,2013-01-01T00:48:00.000+01:00,2013-01-01T00:49:00.000+01:00,60,0.04,-73.94851700000001,40.782391,-73.951225,40.778793,CRD,3.5,0.5,0.5,0.0,0.0,4.5,0,0,8.0
4D107A637902E46B33682BA5B20911D4,2703CE92038E33AA5B6202E2008D5022,2013-01-01T00:48:00.000+01:00,2013-01-01T00:49:00.000+01:00,60,0.02,-73.975349,40.763309,0.0,0.0,CSH,2.5,0.5,0.5,0.0,0.0,3.5,0,0,8.0
6FDA7FD58327D58C6CBB34FEC5F6A8CB,06CA3B6DBEF2500BA5F8C27006AA0953,2013-01-01T00:48:00.000+01:00,2013-01-01T00:49:00.000+01:00,60,0.53,-73.954895,40.777645,-73.952911,40.780293,CSH,3.5,0.5,0.5,0.0,0.0,4.5,0,0,8.0
72798E6FC08F7852E7BB059887369FF1,B777A4CF44406E42B517BC605E34A910,2013-01-01T00:48:00.000+01:00,2013-01-01T00:49:00.000+01:00,60,0.46,-73.992958,40.747997,-73.996483,40.744503,CSH,3.5,0.5,0.5,0.0,0.0,4.5,0,0,8.0
7BC6CF05C09B7004E9027865D2383E49,3EDBF6ACFAE5F4A43BFDE207876241D7,2013-01-01T00:48:00.000+01:00,2013-01-01T00:49:00.000+01:00,60,0.45,-73.95060699999999,40.771206,-73.947411,40.775535999999995,CRD,3.5,0.5,0.5,1.2,0.0,5.7,0,0,8.0
A0AFE6B722F15B7A0FDFEEA954BE316A,93D505C96BD248DC390FD47F747D762D,2013-01-01T00:48:00.000+01:00,2013-01-01T00:49:00.000+01:00,60,0.18,-73.984993,40.768803000000005,-73.98625899999999,40.767212,CSH,3.0,0.5,0.5,0.0,0.0,4.0,0,0,8.0
E61754E6FDA8A5C4C54FFD12E5F80D8E,289D3869420220BF3A2809B8AB03CDBC,2013-01-01T00:48:00.000+01:00,2013-01-01T00:49:00.000+01:00,60,0.21,-74.00386,40.741928,-74.003609,40.741772,CSH,3.0,0.5,0.5,0.0,0.0,4.0,0,0,8.0
03BEA0DB03A589C5C77BD4152A2F4396,D3802A7E8E510CB06E798E9EDEFF4149,2013-01-01T00:48:00.000+01:00,2013-01-01T00:50:00.000+01:00,120,0.5,-73.872185,40.762581,-73.875504,40.764233000000004,CSH,4.0,0.5,0.5,0.0,0.0,5.0,0,0,8.0
386D507DA2BCAE3134BF3256F616545E,1D6939890F75F1EA045D2CCED93B32A1,2013-01-01T00:48:00.000+01:00,2013-01-01T00:50:00.000+01:00,120,0.63,-73.986961,40.725231,-73.985275,40.731606,CSH,4.0,0.5,0.5,0.0,0.0,5.0,0,0,8.0
5144CB0982C5925EA474EE1FB26E6E8F,11DDF1FD5B2C815FA0F4B8083BFCFA4E,2013-01-01T00:49:00.000+01:00,2013-01-01T00:50:00.000+01:00,60,0.0,-73.967949,40.800426,-73.96791800000001,40.800438,CRD,75.0,0.0,0.5,0.0,0.0,17.5,100000,1,8.0
69D73BA00CDCA9A663285637F90E44C5,A58B17FA7DCB6116EB33BB8E50897FD2,2013-01-01T00:48:00.000+01:00,2013-01-01T00:50:00.000+01:00,120,0.45,-73.968018,40.752251,-73.97303000000001,40.748718,CSH,3.5,0.5,0.5,0.0,0.0,4.5,0,0,8.0
B8349AD63A5C9E467EEB8F40F1C6414F,CBA059B16350D13FC0DDC1C07FC9C2F8,2013-01-01T00:49:00.000+01:00,2013-01-01T00:50:00.000+01:00,60,0.47,-73.954308,40.730315999999995,-73.952477,40.726646,CSH,3.5,0.5,0.5,0.0,0.0,4.5,0,0,8.0
C7F75BDBBAD1C07EDCD34208CCE57988,D41A3A2101E29E17512CDA6126F79535,2013-01-01T00:49:00.000+01:00,2013-01-01T00:50:00.000+01:00,60,0.31,-73.993774,40.746742,-73.995728,40.744186,CSH,3.0,0.5,0.5,0.0,0.0,4.0,0,0,8.0
E05E9D1EDED0FE81F7DD7E81EF1CC08F,C76353D60215982A5303D8DFCAC7E1AB,2013-01-01T00:48:00.000+01:00,2013-01-01T00:50:00.000+01:00,120,0.48,-73.944664,40.794594000000004,-73.944786,40.799133000000005,CSH,4.0,0.5,0.5,0.0,0.0,5.0,0,0,8.0
F42F48B85F904DDB6BC444D6FE97EDA5,9138D1C926529049817DD4609AA26059,2013-01-01T00:49:00.000+01:00,2013-01-01T00:50:00.000+01:00,60,0.47,-73.961342,40.811676,-73.964333,40.807476,CSH,3.5,0.5,0.5,0.0,0.0,4.5,0,0,8.0
1CA1F43CA75E2744B36B98B233D301FC,CA54FEB44F424C224775A00990D59CCE,2013-01-01T00:50:00.000+01:00,2013-01-01T00:51:00.000+01:00,60,0.15,-73.976456,40.754108,0.0,0.0,CSH,2.5,0.5,0.5,0.0,0.0,3.5,0,0,8.0
30F1FD16CF979D5DF95162E0A414B424,C3D4D9115EF0AA570081E71013353D2A,2013-01-01T00:48:00.000+01:00,2013-01-01T00:51:00.000+01:00,180,0.6,-73.983131,40.74437,-73.976563,40.74398,CRD,4.0,0.5,0.5,0.9,0.0,5.9,0,0,8.0
3A70657B346085F18123C0081817DC21,37380E8B7845D6CF8B891F1803AB18EC,2013-01-01T00:49:00.000+01:00,2013-01-01T00:51:00.000+01:00,120,0.76,-73.975716,40.791924,-73.98156,40.783752,CRD,4.5,0.5,0.5,0.0,0.0,5.5,0,0,8.0
442E7A6E22CD3FBE221E44D28FE4F010,1FF4842323AC085DD0682B94B19C18C1,2013-01-01T00:48:00.000+01:00,2013-01-01T00:51:00.000+01:00,180,1.04,-73.966949,40.772678000000006,-73.971024,40.761787,CRD,5.0,0.5,0.5,0.6,0.0,6.6,0,0,8.0
44CB7F026645FFB6E73CD28E4A4C6B2F,45EC9A2A7676878DF95F5C869E430745,2013-01-01T00:48:00.000+01:00,2013-01-01T00:51:00.000+01:00,180,0.41,-73.956238,40.763465999999994,-73.956238,40.763465999999994,CRD,4.0,0.5,0.5,0.5,0.0,5.5,0,0,8.0
4707DD250F4F2269CF31DA87314A35DE,4E0CF2EFC2B6F83FB8CDC8B49023970A,2013-01-01T00:48:00.000+01:00,2013-01-01T00:51:00.000+01:00,180,1.31,-73.980751,40.659977000000005,-73.977142,40.645367,CSH,6.0,0.5,0.5,0.0,0.0,7.0,0,0,8.0
4D107A637902E46B33682BA5B20911D4,2703CE92038E33AA5B6202E2008D5022,2013-01-01T00:50:00.000+01:00,2013-01-01T00:51:00.000+01:00,60,0.13,-73.975349,40.763309,-73.97551,40.761265,CSH,3.0,0.5,0.5,0.0,0.0,4.0,0,0,8.0
718ED0E92396B438A28F19AB0DCAE989,536911911342A7E0D8DED9E86C27497A,2013-01-01T00:48:00.000+01:00,2013-01-01T00:51:00.000+01:00,180,0.95,-73.968971,40.764198,-73.963638,40.774265,CSH,5.0,0.5,0.5,0.0,0.0,6.0,0,0,8.0
72481E5CAC40B72474735B4E976E7289,007439EEDB510EF8277C567BD200B08F,2013-01-01T00:49:00.000+01:00,2013-01-01T00:51:00.000+01:00,120,0.33,-73.999062,40.739368,-74.004524,40.741611,CSH,3.5,0.5,0.5,0.0,0.0,4.5,0,0,8.0
75B0911E2A83792B6B5CBE9B97EE762F,26BFFB17345CB43A3D3C295F2318E41F,2013-01-01T00:51:00.000+01:00,2013-01-01T00:51:00.000+01:00,0,0.0,0.0,0.0,0.0,0.0,CRD,50.0,0.0,0.5,7.0,0.0,57.5,0,0,8.0
8130027B9B5DC23EF016BF870DF5747B,48E7497A84CCCB21A019CF050374E0A4,2013-01-01T00:48:00.000+01:00,2013-01-01T00:51:00.000+01:00,180,1.45,-73.936897,40.798283000000005,-73.948647,40.782051,CSH,6.0,0.5,0.5,0.0,0.0,7.0,0,0,8.0
93191F5C828803BF328DFE590A90C20B,BF7F3349C8E8846B114CC3C3C1B6F12C,2013-01-01T00:49:00.000+01:00,2013-01-01T00:51:00.000+01:00,120,0.73,-73.983749,40.770779,-73.985519,40.775326,CRD,4.5,0.5,0.5,5.0,0.0,10.5,0,0,8.0
AAFD0FA3E1B0834DA2CFBF1AC4E06583,D5BEBE7DEA024D221703ACC922C38D3C,2013-01-01T00:48:00.000+01:00,2013-01-01T00:51:00.000+01:00,180,0.81,-74.000671,40.742348,-74.002098,40.750744,CSH,4.5,0.5,0.5,0.0,0.0,5.5,0,0,8.0
B7C3A1C10F973348B29930BB21BA4F25,BBB3596593CF9767F01966CA7750FE13,2013-01-01T00:51:00.000+01:00,2013-01-01T00:51:00.000+01:00,0,0.04,0.0,0.0,0.0,0.0,CRD,90.25,0.0,0.5,18.05,0.0,108.8,0,0,8.0
CD10071B585C1056F9A7A00CBBF19EDC,DDA295081FC2D35259B86BA291B17C9B,2013-01-01T00:48:00.000+01:00,2013-01-01T00:51:00.000+01:00,180,0.98,-73.972099,40.762836,-73.964035,40.773621,CSH,5.0,0.5,0.5,0.0,0.0,6.0,0,0,8.0
DDB97BFEC29985F364E40493881FC1E8,22D376CA42729BE5A7DAF56107101008,2013-01-01T00:48:00.000+01:00,2013-01-01T00:51:00.000+01:00,180,0.46,-73.967072,40.761115999999994,-73.967072,40.761115999999994,CSH,4.0,0.5,0.5,0.0,0.0,5.0,0,0,8.0
EAB479A33FCBA0B5C34439288141E9CB,F4F6C8486706BFF6C535F2D6E0DE4744,2013-01-01T00:49:00.000+01:00,2013-01-01T00:51:00.000+01:00,120,0.43,-73.99722299999999,40.738407,-73.958313,40.766265999999995,CRD,3.5,0.5,0.5,1.2,0.0,5.7,0,0,8.0
05656E0120B5B5A98016D9015A84A2C6,90CF07326407C06E56C1B67837EA90BB,2013-01-01T00:48:00.000+01:00,2013-01-01T00:52:00.000+01:00,240,0.73,-73.97126800000001,40.797934999999995,-73.96775799999999,40.804592,CSH,5.0,0.5,0.5,0.0,0.0,6.0,0,0,8.0
0CA82E6914C3F20ECEF78298FA26F8C8,B18389CCBDA6E244D61A6862B79C999D,2013-01-01T00:50:00.000+01:00,2013-01-01T00:52:00.000+01:00,120,0.54,-73.966713,40.804291,-73.969177,40.798443,CSH,4.5,0.5,0.5,0.0,0.0,5.5,0,0,8.0
21198B1F559FD9072647BDA32777330D,21BD8B35534B1C2B3A6C40BCF0BE3A9D,2013-01-01T00:49:00.000+01:00,2013-01-01T00:52:00.000+01:00,180,0.59,-73.939453,40.821449,-73.944695,40.814163,CSH,4.5,0.5,0.5,0.0,0.0,5.5,0,0,8.0
285530A1DAC07844A86C9D89EF63E705,018BC02CED11165264C84FA95667573F,2013-01-01T00:50:00.000+01:00,2013-01-01T00:52:00.000+01:00,120,0.53,-73.982056,40.778221,-73.987495,40.776127,CSH,4.0,0.5,0.5,0.0,0.0,5.0,0,0,8.0
3257BB723EEA01F8268236E81D27D7B8,3DA43C759DDF6866C87D1FF6852A09B6,2013-01-01T00:49:00.000+01:00,2013-01-01T00:52:00.000+01:00,180,0.52,-73.99658199999999,40.723637,-73.991188,40.72979,CSH,4.0,0.5,0.5,0.0,0.0,5.0,0,0,8.0
3C78C36D50A7C146F45D85C41965AE6C,F6993CCBC8DA664556A7E7DFBCEC7FE5,2013-01-01T00:48:00.000+01:00,2013-01-01T00:52:00.000+01:00,240,0.76,-73.969284,40.760822,-73.97541,40.75201,CSH,5.0,0.5,0.5,0.0,0.0,6.0,0,0,8.0
41196E5493047745905908211F50A1A3,578F6C3C9960BD47D3A260F85DEF667F,2013-01-01T00:48:00.000+01:00,2013-01-01T00:52:00.000+01:00,240,0.97,-73.93845400000001,40.803017,-73.94770799999999,40.796036,CSH,5.5,0.5,0.5,0.0,0.0,6.5,0,0,8.0
41DE336EAA8C321952EBCFB04675843C,98AA95421BD55DC629B47F5AF275D639,2013-01-01T00:49:00.000+01:00,2013-01-01T00:52:00.000+01:00,180,1.02,-73.982117,40.728168,-73.982101,40.732071000000005,CSH,5.0,0.5,0.5,0.0,0.0,6.0,0,0,8.0
43E9820654C3CC15B15FB4BC07566574,9C1088ED91F1F4D16CB95F4983807D66,2013-01-01T00:52:00.000+01:00,2013-01-01T00:52:00.000+01:00,0,0.0,0.0,0.0,0.0,0.0,CRD,52.0,0.0,0.5,10.5,0.0,63.0,0,0,8.0
45E4FB0397F8D1F087B629C024ED263E,31DC0DF9A9FE1E790C96A6D8F9774E4C,2013-01-01T00:49:00.000+01:00,2013-01-01T00:52:00.000+01:00,180,0.32,-74.01035300000001,40.712177000000004,-74.010612,40.709213,CRD,4.0,0.5,0.5,1.12,0.0,6.12,0,0,8.0
4BAE6D942BFE9A75CA494B728EA59D99,D928DADC0B6745BC5B807BA22BAC5CD3,2013-01-01T00:51:00.000+01:00,2013-01-01T00:52:00.000+01:00,60,0.21,-73.99002800000001,40.747054999999996,-73.99090600000001,40.748665,CSH,3.0,0.5,0.5,0.0,0.0,4.0,0,0,8.0
679A60EAF92BCD09B288AF09EF81BFF9,056D5044ECAFBD3ECEF68FA7DBBD3034,2013-01-01T00:49:00.000+01:00,2013-01-01T00:52:00.000+01:00,180,0.98,-73.955986,40.778946000000005,-73.963829,40.76144,CSH,5.0,0.5,0.5,0.0,0.0,6.0,0,0,8.0
67F566369F8501B3B0BDA52D808DE821,2964CF300992B6EC6C9AB6E965B7F7FD,2013-01-01T00:48:00.000+01:00,2013-01-01T00:52:00.000+01:00,240,0.84,-73.981804,40.667038,-73.98133100000001,40.675148,CRD,5.0,0.5,0.5,1.65,0.0,7.65,0,0,8.0
680A6CA14000DE551D88B3E56A97D8E9,ABF82072206CC73E98D1AFC102FC0685,2013-01-01T00:49:00.000+01:00,2013-01-01T00:52:00.000+01:00,180,0.5,-73.96405,40.771088,-73.964546,40.765583,CSH,4.0,0.5,0.5,0.0,0.0,5.0,0,0,8.0
696321779D687411F2E5DF6991E9D474,14C2ED390669165F2D3B5CE427A91027,2013-01-01T00:49:00.000+01:00,2013-01-01T00:52:00.000+01:00,180,0.72,-73.955963,40.767975,-73.953506,40.770927,CSH,4.5,0.5,0.5,0.0,0.0,5.5,0,0,8.0
6E78038BBE64AAFB6518F428959CFD4E,5EF83D75FE0DB97A85C36AB72046238D,2013-01-01T00:49:00.000+01:00,2013-01-01T00:52:00.000+01:00,180,0.53,-73.987602,40.738422,-73.984604,40.742489,CSH,4.5,0.5,0.5,0.0,0.0,5.5,0,0,8.0
6FFCF7A4F34BA44239636028E680E438,0BACEC29CF8CFF253FC488460B457F72,2013-01-01T00:48:00.000+01:00,2013-01-01T00:52:00.000+01:00,240,1.01,-73.9627,40.776608,-73.954865,40.785854,CSH,5.5,0.5,0.5,0.0,0.0,6.5,0,0,8.0
78A626B7A26C2BEDED59C75BB28373A5,F91D169C05AE49338B5AE940CAB87457,2013-01-01T00:48:00.000+01:00,2013-01-01T00:52:00.000+01:00,240,0.88,-73.952957,40.783112,-73.946831,40.788441,CSH,5.0,0.5,0.5,0.0,0.0,6.0,0,0,8.0
7E1F23B2F2E4935FD2FA222EAE4C9D74,76DC2668648AB0BF99E40AE45C839286,2013-01-01T00:48:00.000+01:00,2013-01-01T00:52:00.000+01:00,240,1.26,-73.979851,40.783733000000005,-73.97015400000001,40.7943,CSH,6.0,0.5,0.5,0.0,0.0,7.0,0,0,8.0
7E4DB1C2257B8DFAE1A6863D030E5000,FF4C391C4CC5AA42CB9CBAEFC5561AB7,2013-01-01T00:48:00.000+01:00,2013-01-01T00:52:00.000+01:00,240,0.64,-73.95587900000001,40.771976,-73.948875,40.773357,CSH,4.5,0.5,0.5,0.0,0.0,5.5,0,0,8.0
8F1DBE78C521F384A55AD0C77F75545D,C577C43271DE0CDCD9D5D5B26DD55989,2013-01-01T00:51:00.000+01:00,2013-01-01T00:52:00.000+01:00,60,0.44,-73.96236400000001,40.770355,-73.96417199999999,40.767796000000004,CSH,3.5,0.5,0.5,0.0,0.0,4.5,0,0,8.0
9216F62464DE7317391FBB1EAA3DC89A,1BC47AA485CD2C61E65A2CA57C690918,2013-01-01T00:51:00.000+01:00,2013-01-01T00:52:00.000+01:00,60,0.07,-73.995667,40.754356,-73.995804,40.754162,CSH,2.5,0.5,0.5,0.0,0.0,3.5,0,0,8.0
96748B85E03307579E92AC277D940C8D,633F3FBBB9D435C34820C1CB3B752AEC,2013-01-01T00:50:00.000+01:00,2013-01-01T00:52:00.000+01:00,120,0.3,-73.985664,40.727814,-73.98490100000001,40.72805,CRD,3.5,0.5,0.5,1.0,0.0,5.5,0,0,8.0
993587F9481E2CD34D809D20F17F7827,67EA68F3B5181E8028E3204FE1D042E4,2013-01-01T00:49:00.000+01:00,2013-01-01T00:52:00.000+01:00,180,0.5,-73.94976,40.715485,-73.944435,40.714603000000004,CRD,4.0,0.5,0.5,2.0,0.0,7.0,0,0,8.0
A031700185C5A36074AE9E629B306520,0B0B6EF78BD1FB21CAF1344B3C132CC9,2013-01-01T00:48:00.000+01:00,2013-01-01T00:52:00.000+01:00,240,0.76,-73.947159,40.810326,-73.951576,40.814533000000004,CSH,5.0,0.5,0.5,0.0,0.0,6.0,0,0,8.0
CBA8C449382F10A355CF0D38CBDCB867,D068EEE473E74D8594339CC08CDE56F4,2013-01-01T00:49:00.000+01:00,2013-01-01T00:52:00.000+01:00,180,0.26,-74.00237299999999,40.74493,-74.004288,40.742484999999995,CSH,4.0,0.5,0.5,0.0,0.0,5.0,0,0,8.0
CBDAFC4B9364E4DFE6712AA1AB188C08,CB783150D32C9666CBB868E0A0261BC6,2013-01-01T00:49:00.000+01:00,2013-01-01T00:52:00.000+01:00,180,0.35,-73.980064,40.746078000000004,-73.983536,40.743889,CSH,4.0,0.5,0.5,0.0,0.0,5.0,0,0,8.0
CF72BBD4470B9F1A6C2FB4DD54D56A56,DA1CA5E37E96DB8DA9F038C43ABEE62C,2013-01-01T00:48:00.000+01:00,2013-01-01T00:52:00.000+01:00,240,0.54,-74.0,40.742897,-73.994011,40.745940999999995,CRD,4.5,0.5,0.5,1.5,0.0,7.0,0,0,8.0
D9921335906B3E5C06C8D2ADBB8114F4,8EE381470348771C37BDF75FC295CD41,2013-01-01T00:48:00.000+01:00,2013-01-01T00:52:00.000+01:00,240,0.9,-73.973473,40.794071,-73.981789,40.783566,CSH,5.0,0.5,0.5,0.0,0.0,6.0,0,0,8.0
D9E7E682C60A0AA3E69C5AEC394CA7FD,2E0EDC464BE3E5999A9259DADA353141,2013-01-01T00:49:00.000+01:00,2013-01-01T00:52:00.000+01:00,180,0.74,-74.000473,40.727309999999996,-73.996208,40.732288,CSH,4.5,0.5,0.5,0.0,0.0,5.5,0,0,8.0
E9ACD076FF53336D7C6793D9A8174D17,1B73ED5F789146CC08BEE1F15B3BDEA3,2013-01-01T00:50:00.000+01:00,2013-01-01T00:52:00.000+01:00,120,0.76,-73.961632,40.760208,-73.953575,40.771145000000004,CRD,4.5,0.5,0.5,1.25,0.0,6.75,0,0,8.0
E9B568233A3F8BF9358610BC838FA009,28540BA9A65CE2B80D59A6F899496B71,2013-01-01T00:48:00.000+01:00,2013-01-01T00:52:00.000+01:00,240,0.63,-73.98806,40.732159,-73.992409,40.724903000000005,CSH,4.5,0.5,0.5,0.0,0.0,5.5,0,0,8.0
ED7B4B1C32AB21876300F23C0DCF4A97,C4307176F40C8B79308E11A5FDFA7CB9,2013-01-01T00:52:00.000+01:00,2013-01-01T00:52:00.000+01:00,0,0.0,0.0,0.0,0.0,0.0,CSH,75.0,0.0,0.5,0.0,0.0,52.5,100000,1,8.0
EEF3A194E04ECF7B2CC01D7719179040,15DB9F70261C9AB6155213E56D06E6A6,2013-01-01T00:48:00.000+01:00,2013-01-01T00:52:00.000+01:00,240,0.74,-73.96533199999999,40.77478,-73.961998,40.768707,CSH,5.0,0.5,0.5,0.0,0.0,6.0,0,0,8.0
12B46A3AAAEAD50862647CDDCC705479,55CA3F571F4D3C3582BB09BBE929A066,2013-01-01T00:53:00.000+01:00,2013-01-01T00:53:00.000+01:00,0,0.0,-73.948677,40.781776,-73.948669,40.781784,CRD,15.0,0.0,0.0,1.0,0.0,16.0,0,0,8.0
19E7CEEFBA9ECA2D75646B52D9AE5961,FE9ED35FA9AB85EE69282C1301D445D9,2013-01-01T00:48:00.000+01:00,2013-01-01T00:53:00.000+01:00,300,1.13,-73.982704,40.735577,-73.99593399999999,40.732861,CRD,6.0,0.5,0.5,1.95,0.0,8.95,0,0,8.0
1D6565E1408109B323EB4D5E5B85C8F0,F6EDBBE99F45C821836788682CC207B2,2013-01-01T00:49:00.000+01:00,2013-01-01T00:53:00.000+01:00,240,0.97,-73.965073,40.755207,-73.956848,40.766666,CSH,5.0,0.5,0.5,0.0,0.0,6.0,0,0,8.0
1E57606752205C91001194127EEB7194,9A67D3ADE59457FF0C197F5A2A8B4112,2013-01-01T00:49:00.000+01:00,2013-01-01T00:53:00.000+01:00,240,0.92,-73.9674,40.792763,-73.963425,40.803474,CSH,5.0,0.5,0.5,0.0,0.0,6.0,0,0,8.0
289022F3B34AD3B9FC2146AC60D9A5D7,694D11EF4FC2219FE16A944F2DFE74AE,2013-01-01T00:49:00.000+01:00,2013-01-01T00:53:00.000+01:00,240,0.84,-73.980598,40.685421000000005,-73.983414,40.695862,CRD,5.0,0.5,0.5,1.0,0.0,7.0,0,0,8.0
3138E073C5BCF91B3EAF3CD2A751D07F,47DCDD1E521F55C7879655DCD380BDA1,2013-01-01T00:48:00.000+01:00,2013-01-01T00:53:00.000+01:00,300,1.22,-73.96012900000001,40.769619,-73.960495,40.757713,CSH,6.5,0.5,0.5,0.0,0.0,7.5,0,0,8.0
3256759BEA3AB85BD41DE023E4A6CEA2,0CF760256D36043470032167E0F328F8,2013-01-01T00:49:00.000+01:00,2013-01-01T00:53:00.000+01:00,240,0.35,-73.98783900000001,40.738285,-73.988052,40.735394,CSH,4.0,0.5,0.5,0.0,0.0,5.0,0,0,8.0
3B0D32434F9E18BC4040C1E6C79F4240,355D82D140F9BC4AEA92DAA8673043B5,2013-01-01T00:50:00.000+01:00,2013-01-01T00:53:00.000+01:00,180,1.62,-73.987373,40.770882,-73.972626,40.790878,CRD,6.5,0.5,0.5,1.4,0.0,8.9,0,0,8.0
40E882BDD06233B5C99288FFED13F6A1,27546151AD110A0ED78805B64C975960,2013-01-01T00:49:00.000+01:00,2013-01-01T00:53:00.000+01:00,240,1.12,-73.982742,40.722599,-73.98530600000001,40.733452,CRD,5.5,0.5,0.5,1.2,0.0,7.7,0,0,8.0
47238E833B0AF84A9BBFB7956502A182,1B734EDB7FE26D6B0BCA082BB37C5EA6,2013-01-01T00:50:00.000+01:00,2013-01-01T00:53:00.000+01:00,180,0.73,-73.956161,40.78735,-73.957771,40.780434,CSH,4.5,0.5,0.5,0.0,0.0,5.5,0,0,8.0
4B4901F98C6F87219D18CD42D501A43C,D4DBED32C3E914422EF55A9EA584B843,2013-01-01T00:48:00.000+01:00,2013-01-01T00:53:00.000+01:00,300,1.55,-73.97979000000001,40.749012,-73.96305799999999,40.757378,CSH,6.5,0.5,0.5,0.0,0.0,7.5,0,0,8.0
4BA6D1DB19341443B959A08C41489864,23E6BE0A8359FA2A8D4C9D94983558BD,2013-01-01T00:49:00.000+01:00,2013-01-01T00:53:00.000+01:00,240,0.75,-73.965141,40.775177,-73.957741,40.779396000000006,CSH,5.5,0.5,0.5,0.0,0.0,6.5,0,0,8.0
4BFF055504D077519697F26D95A2A0BB,0F27CB923D88D84F6BC2A94CB9DBC573,2013-01-01T00:53:00.000+01:00,2013-01-01T00:53:00.000+01:00,0,0.15,-73.99391899999999,40.731228,-73.99234,40.730540999999995,CSH,2.5,0.5,0.5,0.0,0.0,3.5,0,0,8.0
5BFAFAEDEAC1EEEA8C7261A688E3A405,3B401358F99BB8A98D46149AA3351470,2013-01-01T00:50:00.000+01:00,2013-01-01T00:53:00.000+01:00,180,0.77,-73.961235,40.774891,-73.96755999999999,40.766193,CSH,5.0,0.5,0.5,0.0,0.0,6.0,0,0,8.0
5DFA10705410FA86ECFC6447038BF228,24D86F1D5547AE45D4E5FD79D8949064,2013-01-01T00:50:00.000+01:00,2013-01-01T00:53:00.000+01:00,180,0.46,-73.998802,40.745396,-73.99231,40.743342999999996,CSH,4.5,0.5,0.5,0.0,0.0,5.5,0,0,8.0
63E1CE031EDB33209F200A44A2A50532,DCD6A3DA3488EF99AAC46FE0EF41449B,2013-01-01T00:48:00.000+01:00,2013-01-01T00:53:00.000+01:00,300,0.1,-73.997002,40.737202,-73.989265,40.729343,CSH,5.5,0.5,0.5,0.0,0.0,6.5,0,0,8.0
658B5CDC254C3CE5411CB2EFC5CA3F61,6CD86C042564EB2ADE479DBA4778534B,2013-01-01T00:51:00.000+01:00,2013-01-01T00:53:00.000+01:00,120,0.62,-73.982658,40.782345,-73.98736600000001,40.775653999999996,CSH,4.5,0.5,0.5,0.0,0.0,5.5,0,0,8.0
695EFF17A97F304153FDBA7708A870E1,80CD03C2C52646F1201D5FAB90FA0ECD,2013-01-01T00:48:00.000+01:00,2013-01-01T00:53:00.000+01:00,300,1.27,-73.96064799999999,40.781422,-73.922935,40.741001000000004,CSH,6.5,0.5,0.5,0.0,0.0,7.5,0,0,8.0
6960208FC37C9DD5DFCE69EB5D9F9B25,2CE914FC00D71965499D2BF76995550C,2013-01-01T00:48:00.000+01:00,2013-01-01T00:53:00.000+01:00,300,0.14,-74.00045,40.677582,-73.982742,40.677315,CSH,6.5,0.5,0.5,0.0,0.0,7.5,0,0,8.0
6AA6274F006E3C02ADC1BB3335456C7A,6D5FDE6B47211E5623AB50F70CC504E1,2013-01-01T00:48:00.000+01:00,2013-01-01T00:53:00.000+01:00,300,1.12,-73.96112099999999,40.777706,-73.945137,40.776848,CSH,5.5,0.5,0.5,0.0,0.0,6.5,0,0,8.0
78CB97172912DDD5D486C3D13AD446EE,B54855B13CA5B6B8DD264BE86A1430ED,2013-01-01T00:48:00.000+01:00,2013-01-01T00:53:00.000+01:00,300,1.0,-73.976311,40.785793,-73.97395300000001,40.796787,CRD,5.5,0.5,0.5,2.0,0.0,8.5,0,0,8.0
826DBD92105633704DA76C7139743B3B,4B19FF88FFC75F9733418E62E3EB752D,2013-01-01T00:48:00.000+01:00,2013-01-01T00:53:00.000+01:00,300,1.06,-73.96758299999999,40.792721,-73.964653,40.802566999999996,CSH,5.5,0.5,0.5,0.0,0.0,6.5,0,0,8.0
8703B7FD106C380AC6525ED7CA17CF91,A3803BD181D621BCD3D4961203838256,2013-01-01T00:50:00.000+01:00,2013-01-01T00:53:00.000+01:00,180,1.0,-73.94471,40.791472999999996,-73.93600500000001,40.802898,CSH,5.0,0.5,0.5,0.0,0.0,6.0,0,0,8.0
8F495AE9260737EB7F2F2BA4EF1550CA,8B6E2BC352069A8B83D481BC27BA04FB,2013-01-01T00:50:00.000+01:00,2013-01-01T00:53:00.000+01:00,180,0.42,-73.98745,40.744186,-73.992058,40.742691,CSH,4.0,0.5,0.5,0.0,0.0,5.0,0,0,8.0
92D01E396D7AC7BD09183A7ED793E274,A346D80F83D3C8DB6B2240B13F1FAC9A,2013-01-01T00:50:00.000+01:00,2013-01-01T00:53:00.000+01:00,180,0.39,-74.005241,40.740028,-74.00386800000001,40.73682,CSH,4.0,0.5,0.5,0.0,0.0,5.0,0,0,8.0
93A078B503419FB3667305ADCD12C0C6,D5AC6D75DBD2CAA2883E0BD6132D2FA0,2013-01-01T00:52:00.000+01:00,2013-01-01T00:53:00.000+01:00,60,0.1,-73.984818,40.747772,-73.984818,40.747772,CRD,2.5,0.5,0.5,0.0,0.0,3.5,0,0,8.0
9ABB4C8F2E3AEE534DD122B9DC0EA26A,50CBCBB6E464DA752EB8244DCA4BF9B9,2013-01-01T00:48:00.000+01:00,2013-01-01T00:53:00.000+01:00,300,1.16,-73.982231,40.777077,-73.976089,40.787231,CRD,6.0,0.5,0.5,2.0,0.0,9.0,0,0,8.0
ABBFB2FEC4DE7D40BB11E8445ACA33DD,963733B0340699CB4FA048D682039A84,2013-01-01T00:50:00.000+01:00,2013-01-01T00:53:00.000+01:00,180,0.69,-73.921921,40.705978,-73.921921,40.705978,CSH,4.5,0.5,0.5,0.0,0.0,5.5,0,0,8.0
AEB1B4DACEC017D9E864F89D4DB5C0C2,29BD886DB8CEE0D04FF7B34CFCFF6E5D,2013-01-01T00:48:00.000+01:00,2013-01-01T00:53:00.000+01:00,300,0.78,-73.993599,40.734328999999995,-73.991837,40.727276,CSH,5.0,0.5,0.5,0.0,0.0,6.0,0,0,8.0
B320B4F60F77FC79378DB0C44C5AC480,375CD17E197F5674C99D32B685999F41,2013-01-01T00:49:00.000+01:00,2013-01-01T00:53:00.000+01:00,240,1.05,-73.960808,40.757286,-73.953041,40.767746,CRD,5.5,0.5,0.5,2.0,0.0,8.5,0,0,8.0
B3BB9F20C0D99EB36801043509F5908D,DF3316238ACAD2140FF6980F97291274,2013-01-01T00:49:00.000+01:00,2013-01-01T00:53:00.000+01:00,240,0.7,-74.00752299999999,40.725677000000005,-74.005127,40.718941,CSH,5.0,0.5,0.5,0.0,0.0,6.0,0,0,8.0
B82032932F7C76B8AADF55B524918C15,EC0E96B443BEF09A8C9AF9DEDD342FB1,2013-01-01T00:50:00.000+01:00,2013-01-01T00:53:00.000+01:00,180,1.01,-73.938416,40.803020000000004,-73.947723,40.790203000000005,CSH,5.0,0.5,0.5,0.0,0.0,6.0,0,0,8.0
BB02801F232FE86D4F1897BAF69D4AA8,72C8F74ECFE27FD5C6E1271285C24461,2013-01-01T00:48:00.000+01:00,2013-01-01T00:53:00.000+01:00,300,0.76,-73.970444,40.762146,-73.97674599999999,40.75481,CSH,5.0,0.5,0.5,0.0,0.0,6.0,0,0,8.0
BB95394EAE663741FA9A0F6A7F971171,A7A464079BAE522364A275DB762A2E09,2013-01-01T00:48:00.000+01:00,2013-01-01T00:53:00.000+01:00,300,1.15,-73.97485400000001,40.75032,-73.966499,40.757687,CSH,6.0,0.5,0.5,0.0,0.0,7.0,0,0,8.0
BC039E9B5DD28E4231D8FBAF1F61BDD3,520D1C08519CEBCC57E1CF01823C3041,2013-01-01T00:48:00.000+01:00,2013-01-01T00:53:00.000+01:00,300,0.77,-73.98556500000001,40.744259,-73.990883,40.736401,CSH,5.5,0.5,0.5,0.0,0.0,6.5,0,0,8.0
BEBB70961FD06F1E94AC161EB9F492C1,E45ED31E9776F582E987879B4CB57B81,2013-01-01T00:51:00.000+01:00,2013-01-01T00:53:00.000+01:00,120,0.48,-73.93675999999999,40.760063,-73.942139,40.754456,CRD,3.5,0.5,0.5,0.0,0.0,4.5,0,0,8.0
C0CCA061A630C33F7739A7EE0714E2F8,F33162D36B1A50D56373B09360259822,2013-01-01T00:48:00.000+01:00,2013-01-01T00:53:00.000+01:00,300,0.95,-73.994331,40.750927000000004,-73.998299,40.72953,CSH,6.0,0.5,0.5,0.0,0.0,7.0,0,0,8.0
C5CA11E807A1B1DF444D42ACD41435C2,0E26DC3704EFE73C658ADAE050692EA6,2013-01-01T00:48:00.000+01:00,2013-01-01T00:53:00.000+01:00,300,0.82,-73.994858,40.734482,-74.006737,40.738213,CSH,5.5,0.5,0.5,0.0,0.0,6.5,0,0,8.0
D0E11AB0F51BFD9FF4053F8A585D1A89,699E4C8D1E23F1AFDE937A55D906B715,2013-01-01T00:51:00.000+01:00,2013-01-01T00:53:00.000+01:00,120,0.34,-73.994812,40.740210999999995,-73.997055,40.741547,CRD,3.5,0.5,0.5,1.0,0.0,5.5,0,0,8.0
D1CAA58A231479ECF97D078BDE66F903,63D2988A2915F794149B2EE1B0D2C2CF,2013-01-01T00:49:00.000+01:00,2013-01-01T00:53:00.000+01:00,240,0.66,-74.013779,40.709389,-74.011963,40.704002,CSH,4.5,0.5,0.5,0.0,0.0,5.5,0,0,8.0
D2DDDAC4772125372CA92EE65251E0CB,582A93DF0BFB765706704E7E3CBF4C8F,2013-01-01T00:53:00.000+01:00,2013-01-01T00:53:00.000+01:00,0,0.06,-74.03997,40.739086,0.0,0.0,CRD,40.0,0.0,0.0,0.0,10.25,60.25,100000,1,8.0
D3FA36B10C3D9D7AE92B99D640D9DCF2,AB806BCC256743D659EA252649A9F263,2013-01-01T00:51:00.000+01:00,2013-01-01T00:53:00.000+01:00,120,0.05,-73.977676,40.730221,-73.977913,40.725258000000004,CSH,4.0,0.5,0.5,0.0,0.0,5.0,0,0,8.0
D833C49C9A5D1F0C03CB322ADBC9486F,91EEBDEEB89A8156015249D0E3166A43,2013-01-01T00:48:00.000+01:00,2013-01-01T00:53:00.000+01:00,300,1.47,-73.953133,40.776047,-73.96283000000001,40.759128999999994,CRD,6.5,0.5,0.5,1.4,0.0,8.9,0,0,8.0
D8CF1B054D38736E4A4CCDADA52D9119,CC9C58E4E8E8E9FFE73DA157F4F162EF,2013-01-01T00:50:00.000+01:00,2013-01-01T00:53:00.000+01:00,180,0.53,-73.945755,40.711533,-73.95150799999999,40.708492,CSH,4.0,0.5,0.5,0.0,0.0,5.0,0,0,8.0
DCE5517544F6271015F05CFA596F8980,ABCE92F465862AB900C68C5AAE10EE68,2013-01-01T00:51:00.000+01:00,2013-01-01T00:53:00.000+01:00,120,0.0,-73.948196,40.827202,-73.948196,40.827206,CRD,2.5,0.5,0.5,10.0,0.0,13.5,0,0,8.0
E10567BBAD2900F3DA14BDBA064359F6,229E397B13A730B9868261F445CE8CC2,2013-01-01T00:51:00.000+01:00,2013-01-01T00:53:00.000+01:00,120,0.39,-73.98981500000001,40.747169,-73.987495,40.765583,CRD,4.0,0.5,0.5,1.0,0.0,6.0,0,0,8.0
E7E8673F491A2CBE3330014FB7B732C1,FB802A113235E7A84848250B04754EDB,2013-01-01T00:50:00.000+01:00,2013-01-01T00:53:00.000+01:00,180,0.49,-73.910912,40.744614,-73.918785,40.743408,CSH,4.5,0.5,0.5,0.0,0.0,5.5,0,0,8.0
EA1FC40D75E11B69F59E12B720F201D5,F25F673D06BDA4ABF38E46A1EDC8C90C,2013-01-01T00:52:00.000+01:00,2013-01-01T00:53:00.000+01:00,60,0.53,-74.013275,40.715431,-74.010773,40.72163,CSH,3.5,0.5,0.5,0.0,0.0,4.5,0,0,8.0
F45098D1F50A0E94E7C47CA42E4E5C64,CA79A5EDAD78E6E508E439D436277883,2013-01-01T00:49:00.000+01:00,2013-01-01T00:53:00.000+01:00,240,1.36,-73.971733,40.792126,-73.963638,40.805374,CSH,5.5,0.5,0.5,0.0,0.0,6.5,0,0,8.0
FF40FB8123940D9F96D33EDA1D92A83C,BCC499AE77C7D8E53C0A8B27004D0194,2013-01-01T00:50:00.000+01:00,2013-01-01T00:53:00.000+01:00,180,0.37,-73.987663,40.718582,0.0,0.0,CSH,4.0,0.5,0.5,0.0,0.0,5.0,0,0,8.0
0038EF45118925A510975FD0CCD67192,6AC19922A9FDA1FCF904B907DF8C553A,2013-01-01T00:48:00.000+01:00,2013-01-01T00:54:00.000+01:00,360,2.18,-73.963043,40.766472,-73.971352,40.746947999999996,CSH,8.5,0.5,0.5,0.0,0.0,9.5,0,0,8.0
019AFB33C3153481B058E243DED1E570,500605877E09A340A2C5210FE3DEE2D9,2013-01-01T00:49:00.000+01:00,2013-01-01T00:54:00.000+01:00,300,0.78,-73.97718,40.764148999999996,-73.976135,40.763969,CSH,5.5,0.5,0.5,0.0,0.0,6.5,0,0,8.0
0382E229B8353ED19BF59FD35A355A53,3C6BF386EFCEAA0C3010BF2B23709F59,2013-01-01T00:48:00.000+01:00,2013-01-01T00:54:00.000+01:00,360,1.67,-74.004356,40.721394000000004,-73.986626,40.766666,CRD,7.5,0.5,0.5,2.0,0.0,10.5,0,0,8.0
0835F01C2AD4B339EBB247DA533D69ED,B88F7E3D3C555175FC5BF26D48C6A1BD,2013-01-01T00:48:00.000+01:00,2013-01-01T00:54:00.000+01:00,360,1.67,-74.005165,40.729191,-74.00733199999999,40.743365999999995,CSH,8.0,0.5,0.5,0.0,0.0,9.0,0,0,8.0
0A34A99FFA084D5791FF569897425D1C,0025133AD810DBE80D35FCA8BF0BCA1F,2013-01-01T00:50:00.000+01:00,2013-01-01T00:54:00.000+01:00,240,0.66,-73.96018199999999,40.776317999999996,-73.955849,40.781914,CRD,5.0,0.5,0.5,0.0,0.0,6.0,0,0,8.0
0A6716952AE1B7B1EB901776A8DB82C8,BDE530C22C69B68EAB1CACA606C74679,2013-01-01T00:53:00.000+01:00,2013-01-01T00:54:00.000+01:00,60,0.0,-73.994072,40.751244,-73.994026,40.751251,CSH,3.0,0.5,0.5,0.0,0.0,4.0,0,0,8.0
18F11AB7B8E48739B14DA4C4314F99FC,CABFA7E28A15A656CF1B30D141B72414,2013-01-01T00:50:00.000+01:00,2013-01-01T00:54:00.000+01:00,240,1.11,-73.99123399999999,40.717674,-73.998634,40.708736,CSH,6.0,0.5,0.5,0.0,0.0,7.0,0,0,8.0
1DFC3445A6990A629C2F80FC902B812F,0A4C02DA346C5EC6E1317D68FDD6F566,2013-01-01T00:48:00.000+01:00,2013-01-01T00:54:00.000+01:00,360,1.38,-73.986572,40.742687,-73.978424,40.729557,CSH,7.0,0.5,0.5,0.0,0.0,8.0,0,0,8.0
1E458474C81162E1EF9E4DD5F5D35238,21CCA2C85614A7E5283CBE37F25B54F7,2013-01-01T00:48:00.000+01:00,2013-01-01T00:54:00.000+01:00,360,1.37,-73.965912,40.765419,-73.96443199999999,40.752644000000004,CSH,7.0,0.5,0.5,0.0,0.0,8.0,0,0,8.0
1FFF0EA3E2383E10639E27F945925FC6,1ECD0C4C2DCF7C84F0CB7E44BBA20589,2013-01-01T00:50:00.000+01:00,2013-01-01T00:54:00.000+01:00,240,1.04,-73.96764399999999,40.756287,-73.976021,40.744678,CSH,5.5,0.5,0.5,0.0,0.0,6.5,0,0,8.0
26AAB74BA5054424019D80937927D17C,ED414A2E75E21B0787CFB68123D1DFEE,2013-01-01T00:53:00.000+01:00,2013-01-01T00:54:00.000+01:00,60,0.55,-73.959595,40.771316999999996,-73.95503199999999,40.774281,CSH,3.5,0.5,0.5,0.0,0.0,4.5,0,0,8.0
273EB71AD96349D761DEF43A9B65CFCE,69DAAD25B8810574881EE3E7F401B638,2013-01-01T00:50:00.000+01:00,2013-01-01T00:54:00.000+01:00,240,1.08,-73.844162,40.721081,-73.832336,40.72802,CSH,5.5,0.5,0.5,0.0,0.0,6.5,0,0,8.0
2EF20126A74EC08C5DAFBDB13A9056A2,6DE852E7C3725A46F5967F2F93165DCD,2013-01-01T00:48:00.000+01:00,2013-01-01T00:54:00.000+01:00,360,0.85,-73.980583,40.75404,-73.987892,40.743567999999996,CRD,5.5,0.5,0.5,2.0,0.0,8.5,0,0,8.0
2F23DB94BEC8DB54832F7CD4EDFFCDBE,83346B217844D60C73750804748A7533,2013-01-01T00:48:00.000+01:00,2013-01-01T00:54:00.000+01:00,360,1.96,-73.976692,40.7855,-73.957001,40.804790000000004,CSH,8.0,0.5,0.5,0.0,0.0,9.0,0,0,8.0
307EAF9CA51FE5B085ACE93065C7E760,B06C4DBB23E039CE059E10031A0643AC,2013-01-01T00:52:00.000+01:00,2013-01-01T00:54:00.000+01:00,120,0.27,-73.981071,40.741627,-73.979652,40.743637,CSH,3.5,0.5,0.5,0.0,0.0,4.5,0,0,8.0
385FC5F391764A5E2439617893CD939D,3267AD315671635F4F787B272B83291B,2013-01-01T00:50:00.000+01:00,2013-01-01T00:54:00.000+01:00,240,0.57,-73.988548,40.744633,-73.99054699999999,40.736626,CSH,4.5,0.5,0.5,0.0,0.0,5.5,0,0,8.0
427F9A3F45D3107003402DCCF2EDDD33,9E65437AE0760EDDA99C3AB57DC13BA7,2013-01-01T00:49:00.000+01:00,2013-01-01T00:54:00.000+01:00,300,1.24,-73.98383299999999,40.748993,-73.993179,40.736244,CRD,6.0,0.5,0.5,1.3,0.0,8.3,0,0,8.0
428C74C6A3A44E300833D001BFAAD01E,2AEBD14B765713E3A97770592529992E,2013-01-01T00:48:00.000+01:00,2013-01-01T00:54:00.000+01:00,360,0.96,-73.953186,40.771778000000005,-73.954453,40.781559,CSH,6.0,0.5,0.5,0.0,0.0,7.0,0,0,8.0
4C88E58565A28CF9553EB671FA4AB994,8A35D4FD19080B79EE1735A190F9230C,2013-01-01T00:50:00.000+01:00,2013-01-01T00:54:00.000+01:00,240,1.21,-73.967606,40.792767,-73.97983599999999,40.780434,CSH,5.5,0.5,0.5,0.0,0.0,6.5,0,0,8.0
54E0A7E84EAFDF6D0C70DC8E8A272FD9,A037040C2B7BA20DAA4F4DAEBA8A1FF3,2013-01-01T00:52:00.000+01:00,2013-01-01T00:54:00.000+01:00,120,0.52,-73.996269,40.690647,-73.998924,40.685016999999995,CRD,4.0,0.5,0.5,0.9,0.0,5.9,0,0,8.0
62099C3783738399C97EE0D4E35A3F0A,D2923683CFECDB4AECB0D995716F35FF,2013-01-01T00:51:00.000+01:00,2013-01-01T00:54:00.000+01:00,180,0.7,-73.958389,40.780651,-73.94856999999999,40.776596000000005,CSH,4.5,0.5,0.5,0.0,0.0,5.5,0,0,8.0
70969CFA735E424923977E0143CB4BC4,E1B595FD55E4C82C1E213EB17438107A,2013-01-01T00:50:00.000+01:00,2013-01-01T00:54:00.000+01:00,240,0.98,-74.00914,40.713692,-74.007584,40.725815000000004,CSH,5.5,0.5,0.5,0.0,0.0,6.5,0,0,8.0
7DC84BC540920BAF00E6F316F016EEEC,4CBBF8D06EBA621AC54693EF1A5AC5C3,2013-01-01T00:52:00.000+01:00,2013-01-01T00:54:00.000+01:00,120,0.74,-73.955986,40.768024,-73.952347,40.772881,CSH,4.5,0.5,0.5,0.0,0.0,5.5,0,0,8.0
80393A581AAE36837B842327B621A12B,EC9B3F94FF5A3FD096B3B6980C8320C0,2013-01-01T00:48:00.000+01:00,2013-01-01T00:54:00.000+01:00,360,1.01,-74.00559200000001,40.736774,-74.004837,40.746937,CRD,6.0,0.5,0.5,2.0,0.0,9.0,0,0,8.0
813019F48F723BC44A73B5F21B98F730,4266316968EC18443F32BE197F4E22EF,2013-01-01T00:50:00.000+01:00,2013-01-01T00:54:00.000+01:00,240,1.28,-73.946281,40.781197,-73.934364,40.795525,CSH,5.5,0.5,0.5,0.0,0.0,6.5,0,0,8.0
82505A947AEF24BE55080E579D2E1BE4,46509F3E7EFC63E8B66F77AE45592909,2013-01-01T00:49:00.000+01:00,2013-01-01T00:54:00.000+01:00,300,1.29,-73.966347,40.689713,-73.984543,40.673443,CRD,6.0,0.5,0.5,1.3,0.0,8.3,0,0,8.0
834DBD712775DC97F361886D81DD2D67,5356BA5BA6A91E70E05B42664AF15F5F,2013-01-01T00:48:00.000+01:00,2013-01-01T00:54:00.000+01:00,360,1.13,-74.000168,40.73053,-73.991325,40.739059000000005,CSH,6.5,0.5,0.5,0.0,0.0,7.5,0,0,8.0
85F656CD4438F296156A08EB0AC79698,6E9CDB04414EC0791E4EC3DFFDE27B26,2013-01-01T00:48:00.000+01:00,2013-01-01T00:54:00.000+01:00,360,0.86,-73.987564,40.73291,-73.992584,40.724410999999996,CRD,6.0,0.5,0.5,1.95,0.0,8.95,0,0,8.0
87F124A6D50E251514A7855C766761AE,7EA0693F14FD1C7A72089172E8622996,2013-01-01T00:48:00.000+01:00,2013-01-01T00:54:00.000+01:00,360,1.18,-73.97647099999999,40.765244,-73.96390500000001,40.773884,CSH,6.5,0.5,0.5,0.0,0.0,7.5,0,0,8.0
8C8C25FDDE34446B139E87459AADB4D1,CF6852D6D5E04872322CFB7BFCBA5867,2013-01-01T00:50:00.000+01:00,2013-01-01T00:54:00.000+01:00,240,1.03,-73.932762,40.703426,-73.929726,40.700661,CRD,5.5,0.5,0.5,1.5,0.0,8.0,0,0,8.0
8DC84A098D15C57FE44EE63F338EA5D6,5C805D5E970A457B06E29263C14F4C05,2013-01-01T00:49:00.000+01:00,2013-01-01T00:54:00.000+01:00,300,1.53,-73.95770300000001,40.782486,-73.971535,40.794571000000005,CRD,7.0,0.5,0.5,1.88,0.0,9.88,0,0,8.0
9D1F8A3E48DD3913600A9546E5E3574D,2F308B2B15833B4BB38E4418FCA0A50F,2013-01-01T00:50:00.000+01:00,2013-01-01T00:54:00.000+01:00,240,1.01,-73.985214,40.768559,-74.00370799999999,40.726261,CRD,5.0,0.5,0.5,1.1,0.0,7.1,0,0,8.0
A0178FFB6444CB042072F29605BB2C06,2291A7D4FB9152DE3821EAEE60EDAC55,2013-01-01T00:49:00.000+01:00,2013-01-01T00:54:00.000+01:00,300,0.61,-73.987312,40.720188,-73.959023,40.712345,CSH,5.0,0.5,0.5,0.0,0.0,6.0,0,0,8.0
A24852E3C3F4F6B04775F989CF1DBD98,D0D1271283601BF84573498EF352369D,2013-01-01T00:48:00.000+01:00,2013-01-01T00:54:00.000+01:00,360,0.79,-73.983727,40.743977,-73.979111,40.752659,CRD,5.5,0.5,0.5,1.2,0.0,7.7,0,0,8.0
A7B0677318CAF1ABC07CF66A86A461C8,84409F3F4EFE3B78964CC86030432645,2013-01-01T00:48:00.000+01:00,2013-01-01T00:54:00.000+01:00,360,1.71,-73.994652,40.765766,-73.979439,40.786186,CRD,8.0,0.5,0.5,1.7,0.0,10.7,0,0,8.0
A8F46CBAAF164F60BBE1D00EE1DBA331,76FE35B1343D30A42E02530F9382A3F0,2013-01-01T00:52:00.000+01:00,2013-01-01T00:54:00.000+01:00,120,0.7,-73.967117,40.793495,-73.972794,40.7868,CSH,4.0,0.5,0.5,0.0,0.0,5.0,0,0,8.0
AA03819EAA79B08201ED62133675189B,48D6F34DC6718FEB7FD9488BF74F7783,2013-01-01T00:51:00.000+01:00,2013-01-01T00:54:00.000+01:00,180,0.65,-73.993874,40.741478,-73.990059,40.748363,CSH,4.5,0.5,0.5,0.0,0.0,5.5,0,0,8.0
AB0407824CB0F06EF6891BB0BC6B27A3,464A4E80C1E40C60160FA93CBC8B57F1,2013-01-01T00:52:00.000+01:00,2013-01-01T00:54:00.000+01:00,120,0.76,-73.970116,40.764767,-73.970116,40.764767,CSH,4.5,0.5,0.5,0.0,0.0,5.5,0,0,8.0
B1AB9412F2A2079FF18120DE14984705,9D11B6E767EE7FBED69D0ECE4FDBBF67,2013-01-01T00:49:00.000+01:00,2013-01-01T00:54:00.000+01:00,300,1.26,-73.95118000000001,40.782524,-73.95002,40.79578,CSH,6.5,0.5,0.5,0.0,0.0,7.5,0,0,8.0
B42CEF7A43FA75E8AE7BB1C36D807625,54A1EC1C2C93A9FBBE783C159F2DCF8D,2013-01-01T00:48:00.000+01:00,2013-01-01T00:54:00.000+01:00,360,1.66,-73.979759,40.746346,-73.978806,40.729698,CSH,7.0,0.5,0.5,0.0,0.0,8.0,0,0,8.0
B9D9BEFBE802376438CCC5E1BC762549,4333AE8C5F423403BE618ECF2942C189,2013-01-01T00:49:00.000+01:00,2013-01-01T00:54:00.000+01:00,300,1.05,-73.954704,40.716877000000004,-73.991745,40.674347,CSH,6.0,0.5,0.5,0.0,0.0,7.0,0,0,8.0
BAEA12D2D599FFAF643712094749818D,D6648E87B8CC7EB117CC967B7C3B3DBD,2013-01-01T00:49:00.000+01:00,2013-01-01T00:54:00.000+01:00,300,0.91,-73.97831,40.788754,-73.983986,40.780396,CSH,5.5,0.5,0.5,0.0,0.0,6.5,0,0,8.0
BC5E8A17ADA3C3448D2BC33710FCDD09,12BDFDDAA2A5DE76B0DF17B74AE5CFDA,2013-01-01T00:51:00.000+01:00,2013-01-01T00:54:00.000+01:00,180,0.89,-73.95465899999999,40.820889,-73.950058,40.829483,CRD,5.0,0.5,0.5,1.0,0.0,7.0,0,0,8.0
C13BD886F362AC4D71FEB912091AB76A,16F02DC145868D94900B082705D7FB1C,2013-01-01T00:48:00.000+01:00,2013-01-01T00:54:00.000+01:00,360,1.15,-73.937584,40.758010999999996,-73.937584,40.758010999999996,CRD,6.0,0.5,0.5,1.62,0.0,8.62,0,0,8.0
C5EE6E19CA2FD67826A93C2090C6B375,6DA89EF0AB570677FE3607BB84577539,2013-01-01T00:50:00.000+01:00,2013-01-01T00:54:00.000+01:00,240,1.09,-73.98893000000001,40.718876,-73.98266600000001,40.731419,CRD,5.5,0.5,0.5,1.8,0.0,8.3,0,0,8.0
C8C0883037778AB88FA31A0A673DC91F,D988BBAF3880DE791E67B17E000E32FB,2013-01-01T00:51:00.000+01:00,2013-01-01T00:54:00.000+01:00,180,0.54,-73.988396,40.71653,-74.01503000000001,40.709862,CRD,4.0,0.5,0.5,1.0,0.0,6.0,0,0,8.0
C9228A28985B408E3A0D87967EDC951F,9EDE0C11E0066F1909DF4483BD66DDFC,2013-01-01T00:51:00.000+01:00,2013-01-01T00:54:00.000+01:00,180,0.52,-73.950447,40.783752,-73.95568100000001,40.783718,CSH,4.0,0.5,0.5,0.0,0.0,5.0,0,0,8.0
CD98CA13911488D180A72A1039A44B85,3E696702231C2DB8576F9AB0C782687B,2013-01-01T00:49:00.000+01:00,2013-01-01T00:54:00.000+01:00,300,1.24,-73.968391,40.799099,-73.975578,40.786221000000005,CRD,6.5,0.5,0.5,1.0,0.0,8.5,0,0,8.0
D5A324CA1BD88CE6E20AA4944B9083D4,45B01E8DC88CE9D9229B787B5A6E255B,2013-01-01T00:50:00.000+01:00,2013-01-01T00:54:00.000+01:00,240,1.4,-73.980438,40.778191,-73.9702,40.794373,CSH,6.0,0.5,0.5,0.0,0.0,7.0,0,0,8.0
DB9C06A85E95FD70421DFFD94BE9022D,D6BBE88E80155AF77D78F34408329605,2013-01-01T00:50:00.000+01:00,2013-01-01T00:54:00.000+01:00,240,0.58,-73.955803,40.772285,-73.963699,40.774364,CSH,4.5,0.5,0.5,0.0,0.0,5.5,0,0,8.0
DE04DF5150832C3E7155C21488C86D2E,96DE89C72212EE962A7AD1B1285F113D,2013-01-01T00:50:00.000+01:00,2013-01-01T00:54:00.000+01:00,240,0.05,-73.97563199999999,40.751518,-73.970177,40.756615000000004,CSH,4.5,0.5,0.5,0.0,0.0,5.5,0,0,8.0
ED7A06D80D0F51DA041E783E51F113EB,0F74A5B51EA6E479B2DCB332F0FCD751,2013-01-01T00:50:00.000+01:00,2013-01-01T00:54:00.000+01:00,240,1.74,-73.993515,40.762211,-73.977936,40.783649,CSH,6.5,0.5,0.5,0.0,0.0,7.5,0,0,8.0
F01BC9DAD356135B2309B04F6B453E50,5C65AE892E9FECF59B4FF176C0980E74,2013-01-01T00:52:00.000+01:00,2013-01-01T00:54:00.000+01:00,120,0.2,-73.978432,40.745209,-73.977699,40.746208,CSH,3.0,0.5,0.5,0.0,0.0,4.0,0,0,8.0
F0235F8096B5EA837B62ABAAC155AAA3,6BD1EBF974E908CAC4903A821B82F428,2013-01-01T00:49:00.000+01:00,2013-01-01T00:54:00.000+01:00,300,1.4,-73.956413,40.813351000000004,-73.965523,40.795689,CRD,6.5,0.5,0.5,1.4,0.0,8.9,0,0,8.0
F40DBEC4AFCC4B8A151C04EA153B0E08,21B9D853F334120578CED575CCA5CA8A,2013-01-01T00:50:00.000+01:00,2013-01-01T00:54:00.000+01:00,240,0.6,-73.95585600000001,40.784896999999994,-73.948029,40.782982000000004,CSH,4.5,0.5,0.5,0.0,0.0,5.5,0,0,8.0
FB3827A1DE764DA796EE21D5243FB845,A0147FD801F4F7BAF812AAC94448A001,2013-01-01T00:48:00.000+01:00,2013-01-01T00:54:00.000+01:00,360,1.24,-73.980515,40.7262,-73.976677,40.736073,CSH,6.5,0.5,0.5,0.0,0.0,7.5,0,0,8.0
FCC037120B4287337868BA53FD007782,2C249968D2CD72243CC987C110A73BF1,2013-01-01T00:51:00.000+01:00,2013-01-01T00:54:00.000+01:00,180,0.4,-73.961708,40.776866999999996,-73.961395,40.774677000000004,CSH,4.0,0.5,0.5,0.0,0.0,5.0,0,0,8.0
0081EFFCBB2AD30F9D85B3A07F5EAB45,4D42F0EB603CC39CCD21473A14FB5E6E,2013-01-01T00:52:00.000+01:00,2013-01-01T00:55:00.000+01:00,180,0.63,0.0,0.0,0.0,0.0,CRD,4.0,0.5,0.5,0.9,0.0,5.9,0,0,8.0
067A8BAFFF8192253B29B0CAEC30CB4A,5D9A7EED30C925D54B5422BB9E018668,2013-01-01T00:49:00.000+01:00,2013-01-01T00:55:00.000+01:00,360,1.19,-73.987,40.735806,-73.976463,40.748001,CRD,6.5,0.5,0.5,1.4,0.0,8.9,0,0,8.0
06D29AF4D2C6C5A9E08FAC8F7FB425F5,131D69B83EE0B37FDB70B5A948F5CB9B,2013-01-01T00:48:00.000+01:00,2013-01-01T00:55:00.000+01:00,420,1.22,-73.958244,40.775859999999994,-74.00502,40.715816,CRD,7.0,0.5,0.5,1.5,0.0,9.5,0,0,8.0
0B3FAB0F479B74ECFDB842356299CA28,41A269D4C0636A11D685DD6CBFCD9DA9,2013-01-01T00:53:00.000+01:00,2013-01-01T00:55:00.000+01:00,120,0.02,-73.983734,40.743752,-73.98397800000001,40.743526,CSH,3.0,0.5,0.5,0.0,0.0,4.0,0,0,8.0
0CEBE42EAF42C338052FAE8D61612C58,CC7A4176549BA819E07D4A0463F87D2E,2013-01-01T00:50:00.000+01:00,2013-01-01T00:55:00.000+01:00,300,1.42,-73.958534,40.768688,-73.970512,40.752003,CSH,6.0,0.5,0.5,0.0,0.0,7.0,0,0,8.0
0F5DE4E864E177C84E9C1A41409FF103,5F7F4EE09860E77324AFFAA5E78CCD07,2013-01-01T00:50:00.000+01:00,2013-01-01T00:55:00.000+01:00,300,0.93,-73.97751600000001,40.776943,-73.980125,40.767426,CRD,5.5,0.5,0.5,1.8,0.0,8.3,0,0,8.0
124FF99D9330F4366E806B3BFB039D71,E9D0EB50EF11E8D6DFF2B9200712D328,2013-01-01T00:50:00.000+01:00,2013-01-01T00:55:00.000+01:00,300,1.08,-73.968491,40.678738,-73.983368,40.677574,CSH,6.0,0.5,0.5,0.0,0.0,7.0,0,0,8.0
12BB7274B589C816D966B81037AA59C7,A551CD1A3229E56963972053B6485552,2013-01-01T00:50:00.000+01:00,2013-01-01T00:55:00.000+01:00,300,1.25,-73.948746,40.789013,-73.951134,40.774513,CRD,6.5,0.5,0.5,1.75,0.0,9.25,0,0,8.0
15D0817DD288F1BC355E0803AE2CC679,BC8BA5A77996C1C6E4699BDEECF213A2,2013-01-01T00:48:00.000+01:00,2013-01-01T00:55:00.000+01:00,420,0.86,-73.987167,40.729454,-74.00030500000001,40.735291,CRD,6.5,0.5,0.5,3.0,0.0,10.5,0,0,8.0
16586DE4A6979201C5E529E782219D53,CCAA5A6C6F26D3540B191590A45239AB,2013-01-01T00:50:00.000+01:00,2013-01-01T00:55:00.000+01:00,300,0.96,-73.983109,40.734913,-73.981255,40.725086,CRD,5.5,0.5,0.5,1.2,0.0,7.7,0,0,8.0
18277D64AB7983B946BA3B31BC7DA71E,8E8227F3DEBD5EC06D391589EF34DEA9,2013-01-01T00:48:00.000+01:00,2013-01-01T00:55:00.000+01:00,420,0.71,-73.97867600000001,40.764846999999996,-73.988167,40.769726,CSH,6.5,0.5,0.5,0.0,0.0,7.5,0,0,8.0
184077E74B876AC340C83F10549E3D49,0ED7F4031BEBC1C221A85E5806CEAE14,2013-01-01T00:52:00.000+01:00,2013-01-01T00:55:00.000+01:00,180,0.6,-73.955803,40.776127,-73.95253000000001,40.780758,CSH,4.0,0.5,0.5,0.0,0.0,5.0,0,0,8.0
1A8F6AF9D6B94A52739F9F89CA5423E5,E9BE8E2B87F7CB66401C4C75B04716DB,2013-01-01T00:48:00.000+01:00,2013-01-01T00:55:00.000+01:00,420,1.25,-73.99221800000001,40.721432,-74.005333,40.732239,CRD,7.0,0.5,0.5,1.0,0.0,9.0,0,0,8.0
1BB23673B2BE62A5A031BAD00C7DEE8E,9EE638A6E19A5B613573B71D195AE07D,2013-01-01T00:49:00.000+01:00,2013-01-01T00:55:00.000+01:00,360,0.76,-73.9804,40.748478000000006,-73.982941,40.739658,CSH,5.5,0.5,0.5,0.0,0.0,6.5,0,0,8.0
1CF2978577EAB95B50E142540CDCD304,C09896EF9B13E6CBEC31B25603576395,2013-01-01T00:48:00.000+01:00,2013-01-01T00:55:00.000+01:00,420,1.72,-73.9384,40.818577000000005,-73.957901,40.806759,CSH,7.5,0.5,0.5,0.0,0.0,8.5,0,0,8.0
1F2826FDE3A968E90FE1D503096804AF,3B4A57420C51EED1478D155D9B8882B9,2013-01-01T00:52:00.000+01:00,2013-01-01T00:55:00.000+01:00,180,0.77,-73.996162,40.743332,-73.989708,40.739174,CSH,4.5,0.5,0.5,0.0,0.0,5.5,0,0,8.0
2448B617F670608F520543E8137F0A53,50175DE2F7708C23CA1E744B0B5A5B16,2013-01-01T00:51:00.000+01:00,2013-01-01T00:55:00.000+01:00,240,0.9,-73.98783900000001,40.747849,-73.98783900000001,40.747849,CSH,5.0,0.5,0.5,0.0,0.0,6.0,0,0,8.0
253508A1EBFC63BF5DFB4361EAE83703,E8E63893D87BDF79EE647C2108CEF8C4,2013-01-01T00:50:00.000+01:00,2013-01-01T00:55:00.000+01:00,300,0.95,-73.946831,40.711384,-73.96416500000001,40.712414,CSH,5.5,0.5,0.5,0.0,0.0,6.5,0,0,8.0
29111C0EE74A4E6827790CB28880FD76,CBB3E0D99C02B3998EE7A009857A375D,2013-01-01T00:48:00.000+01:00,2013-01-01T00:55:00.000+01:00,420,0.87,-73.983429,40.73901,-73.994858,40.739136,CSH,6.0,0.5,0.5,0.0,0.0,7.0,0,0,8.0
2A86661808612D9A553B0D4D63745585,54E28CE82306760EDED85A9A34AEC640,2013-01-01T00:50:00.000+01:00,2013-01-01T00:55:00.000+01:00,300,0.96,-73.950676,40.774883,-73.950829,40.785053000000005,CRD,5.5,0.5,0.5,1.2,0.0,7.7,0,0,8.0
2E8F02FAEDF24344D4DF461081F69719,0E2BE9D35FDB25105689D95B9E1C6A59,2013-01-01T00:53:00.000+01:00,2013-01-01T00:55:00.000+01:00,120,0.52,-73.972954,40.758568,-73.969955,40.762611,CRD,4.0,0.5,0.5,0.0,0.0,5.0,0,0,8.0
3310398985DD2D21AF105885E8863710,2A52C473268CDE3A71146443E097AF6A,2013-01-01T00:51:00.000+01:00,2013-01-01T00:55:00.000+01:00,240,1.23,-73.950745,40.786152,-73.95585600000001,40.772816,CSH,5.5,0.5,0.5,0.0,0.0,6.5,0,0,8.0
34346632EF1C766560C2A2268B85E0C7,14AC02F77BBAEAE8D2B6D7DD5CF591EE,2013-01-01T00:48:00.000+01:00,2013-01-01T00:55:00.000+01:00,420,1.79,-73.963623,40.793217,-73.95620699999999,40.776371000000005,CSH,8.0,0.5,0.5,0.0,0.0,9.0,0,0,8.0
3B6AE3CF05F34ADC91DC68D20F2EB913,45B7EA38D39656D11FEFCE0502675A8C,2013-01-01T00:48:00.000+01:00,2013-01-01T00:55:00.000+01:00,420,1.77,-73.942444,40.786316,-73.951324,40.770931,CRD,7.5,0.5,0.5,1.0,0.0,9.5,0,0,8.0
3C1C7EC5B1176A59FAFD2D87B5883E53,1B2F80669AB7FC57CE49BD28CF128547,2013-01-01T00:49:00.000+01:00,2013-01-01T00:55:00.000+01:00,360,1.13,-73.980774,40.771584000000004,-73.970299,40.783947,CSH,6.0,0.5,0.5,0.0,0.0,7.0,0,0,8.0
3C91D87EA60B8770E5DD4417FB49940A,AE49AB14431B77078D7BE143A25DEE1A,2013-01-01T00:49:00.000+01:00,2013-01-01T00:55:00.000+01:00,360,1.94,-73.970085,40.757172,-73.949715,40.777091999999996,CRD,7.5,0.5,0.5,1.6,0.0,10.1,0,0,8.0
4629FF6492AD17B64C3433F6A3F8101D,F3AA221EDE9618A67060B35BEC6ACD40,2013-01-01T00:50:00.000+01:00,2013-01-01T00:55:00.000+01:00,300,1.4,-73.96779599999999,40.765251,-73.954895,40.783091999999996,CSH,7.0,0.5,0.5,0.0,0.0,8.0,0,0,8.0
4BAA6E1D320513B21DD99D88D9226FDA,7095D28D6CCD667B55B0442C0C899870,2013-01-01T00:52:00.000+01:00,2013-01-01T00:55:00.000+01:00,180,0.39,-73.98305500000001,40.741718,-73.986763,40.742798,CSH,4.0,0.5,0.5,0.0,0.0,5.0,0,0,8.0
4C265FE80D14853CEB1D2B989497964D,5B95ECC10D1F439CF8BE95743C17C90C,2013-01-01T00:48:00.000+01:00,2013-01-01T00:55:00.000+01:00,420,1.61,-73.952339,40.789845,-73.934914,40.803329,CSH,8.0,0.5,0.5,0.0,0.0,9.0,0,0,8.0
4F520C94BE55BCD63811E0CAA7D5D285,633FD5F71950A5E416005E05A033F9AE,2013-01-01T00:50:00.000+01:00,2013-01-01T00:55:00.000+01:00,300,1.26,-73.955811,40.772213,-73.967033,40.75695,CRD,6.0,0.5,0.5,1.95,0.0,8.95,0,0,8.0
55DD62A75B353FC19689C3CF99A76BBF,4B8C10F947656D91588BD9C1AD02A61E,2013-01-01T00:52:00.000+01:00,2013-01-01T00:55:00.000+01:00,180,0.51,-73.913849,40.765427,-73.909607,40.761348999999996,CSH,4.0,0.5,0.5,0.0,0.0,5.0,0,0,8.0
5A107580BB40D06A40407CE799382C85,0EA76FD0F27DC30FF6550F42992B937A,2013-01-01T00:49:00.000+01:00,2013-01-01T00:55:00.000+01:00,360,1.44,-73.971588,40.792015,-73.956795,40.804939000000005,CSH,7.0,0.5,0.5,0.0,0.0,8.0,0,0,8.0
5D4C105C32FB4E64D50BC8EC88AE4C41,53569B84D7F813E2FEFC2D5369C4FA73,2013-01-01T00:50:00.000+01:00,2013-01-01T00:55:00.000+01:00,300,1.28,-73.955772,40.782139,-73.96664399999999,40.7663,CRD,6.5,0.5,0.5,1.4,0.0,8.9,0,0,8.0
5EBA6CF0CE86BD93CF958D322D89B15E,3B8653DBA87910C7A21E70729D5CBAE9,2013-01-01T00:48:00.000+01:00,2013-01-01T00:55:00.000+01:00,420,1.03,-73.94916500000001,40.776875,-73.96389,40.783234,CSH,6.5,0.5,0.5,0.0,0.0,7.5,0,0,8.0
5F5C74564DB2AD39E049BC65354EEFB5,E239AF3933BA4B569BC94297FB29C7DC,2013-01-01T00:52:00.000+01:00,2013-01-01T00:55:00.000+01:00,180,0.35,-73.982285,40.748871,-73.979721,40.75209,CSH,3.5,0.5,0.5,0.0,0.0,4.5,0,0,8.0
5F9C08A05F6449EE31F056AEB85855BB,7CA54E7DDBB0D2882C6A873583FD642C,2013-01-01T00:50:00.000+01:00,2013-01-01T00:55:00.000+01:00,300,1.11,-73.985252,40.72784,-73.99408000000001,40.736206,CSH,5.5,0.5,0.5,0.0,0.0,6.5,0,0,8.0
638DE546EB32ADF9918A33040A20F9E3,5A61402F5859CFD5D937A2708962BFF0,2013-01-01T00:52:00.000+01:00,2013-01-01T00:55:00.000+01:00,180,0.47,-74.000381,40.735424,-74.003212,40.738888,CSH,4.0,0.5,0.5,0.0,0.0,5.0,0,0,8.0
6655117D911B4926A8C008DCD92D53E7,88CB7A1006DB184386777ACF070430A9,2013-01-01T00:50:00.000+01:00,2013-01-01T00:55:00.000+01:00,300,1.78,-73.936378,40.798752,-73.9179,40.810493,CSH,7.5,0.5,0.5,0.0,0.0,8.5,0,0,8.0
666BE681CFBA2975C9A5996C5DBBAD6E,19B75593306A74506BBD5D6BC47B5489,2013-01-01T00:51:00.000+01:00,2013-01-01T00:55:00.000+01:00,240,1.27,-73.971214,40.787921999999995,-73.966927,40.798782,CSH,6.0,0.5,0.5,0.0,0.0,7.0,0,0,8.0
67424A3EE2C533FC4522FFB2C0903E9F,A60B81221D5A69CF23D9027BD220F4F7,2013-01-01T00:48:00.000+01:00,2013-01-01T00:55:00.000+01:00,420,1.31,-73.962456,40.770621999999996,-73.971687,40.782084999999995,CRD,7.5,0.5,0.5,1.6,0.0,10.1,0,0,8.0
68BC16A99E915E44ADA7E639B4DD5F59,A93D1F7F8998FFB75EEF477EB6077516,2013-01-01T00:53:00.000+01:00,2013-01-01T00:55:00.000+01:00,120,0.53,-73.988052,40.740326,-73.988052,40.740326,CRD,4.0,0.5,0.5,1.35,0.0,6.35,0,0,8.0
6921611CD6A55CF2E59371F807A9F28B,29A44CFA9707784F631DFF94919B7F59,2013-01-01T00:49:00.000+01:00,2013-01-01T00:55:00.000+01:00,360,0.79,-74.004074,40.713032,-74.014503,40.717087,CSH,5.5,0.5,0.5,0.0,0.0,6.5,0,0,8.0
6AA35559EB2BAD1145C4813C932B94FD,B84A12F272E84885E491FAB3DDE0176C,2013-01-01T00:48:00.000+01:00,2013-01-01T00:55:00.000+01:00,420,1.35,-73.968529,40.754757,-73.982857,40.743683000000004,CSH,7.0,0.5,0.5,0.0,0.0,8.0,0,0,8.0
6FCE52FA1DFCF8BA126B02481A651FC9,C15D7CBA5D892FC9DDEC4FBA707E45CB,2013-01-01T00:50:00.000+01:00,2013-01-01T00:55:00.000+01:00,300,1.19,-73.9991,40.723202,-74.01017,40.709671,CRD,5.5,0.5,0.5,1.08,0.0,7.58,0,0,8.0
7181737C1274E597B4C054D185748A62,09E9FA026609A62807D08F6143610C77,2013-01-01T00:48:00.000+01:00,2013-01-01T00:55:00.000+01:00,420,2.25,-73.959457,40.809383000000004,-73.954155,40.787224,CSH,8.5,0.5,0.5,0.0,0.0,9.5,0,0,8.0
7A8C3A5950CD492243D9D0B94F842D93,8329D8B1C76C6E5A8C62F082CF1C4E74,2013-01-01T00:48:00.000+01:00,2013-01-01T00:55:00.000+01:00,420,1.57,-74.008606,40.732796,-73.999344,40.745655,CSH,7.5,0.5,0.5,0.0,0.0,8.5,0,0,8.0
8111384A55E1C6F13699E771AE87F721,555BC8D23E70B636D794D0C0DE646F9C,2013-01-01T00:49:00.000+01:00,2013-01-01T00:55:00.000+01:00,360,1.1,-73.949005,40.797176,-73.936607,40.794266,CSH,6.5,0.5,0.5,0.0,0.0,7.5,0,0,8.0
816E0E1402A2F8F6A3CEB1ABAEF874AF,A4940F5F911C638DEC227CA2C8586B9B,2013-01-01T00:49:00.000+01:00,2013-01-01T00:55:00.000+01:00,360,0.73,-73.981262,40.730789,-73.987114,40.722366,CSH,5.5,0.5,0.5,0.0,0.0,6.5,0,0,8.0
8C5100EA21F2FAEB3133BB0369CD3E6B,0BA3F69A9D80AD835ACD66AAFE8E656F,2013-01-01T00:48:00.000+01:00,2013-01-01T00:55:00.000+01:00,420,1.58,-73.98719,40.720490000000005,-73.985741,40.738106,CRD,7.0,0.5,0.5,1.88,0.0,9.88,0,0,8.0
8E55E51BD2989368F8B52E029668C3D2,3AA7D54D5E4CFB63A254B1894E1D1576,2013-01-01T00:49:00.000+01:00,2013-01-01T00:55:00.000+01:00,360,1.04,-73.968048,40.799931,-73.95744300000001,40.80415,CRD,6.5,0.5,0.5,2.1,0.0,9.6,0,0,8.0
8EF265D8DE27F9A8F771347D54143B93,DD5FC824E2C3DBFA6FF95FCD66218EB7,2013-01-01T00:49:00.000+01:00,2013-01-01T00:55:00.000+01:00,360,1.0,-73.964363,40.760487,-73.974556,40.752468,CSH,6.0,0.5,0.5,0.0,0.0,7.0,0,0,8.0
8FD3E60B2A58B900EA73D7735D2E005C,5715384B67C3A83D433F8295829C3280,2013-01-01T00:48:00.000+01:00,2013-01-01T00:55:00.000+01:00,420,1.5,-73.953438,40.779517999999996,-73.963898,40.792271,CSH,7.0,0.5,0.5,0.0,0.0,8.0,0,0,8.0
9150150894F4D1F06AB4A016AF410DB3,3A5D70DBAADC5ABF02CECC284FDB0C3C,2013-01-01T00:49:00.000+01:00,2013-01-01T00:55:00.000+01:00,360,1.51,-73.96684300000001,40.788658,-73.979881,40.775921000000004,CSH,7.0,0.5,0.5,0.0,0.0,8.0,0,0,8.0
91D30DDE308C69F6232F4D78910ABA5D,8D7A5EE4C75EE655688E7BDB492C2B70,2013-01-01T00:48:00.000+01:00,2013-01-01T00:55:00.000+01:00,420,2.38,-74.004257,40.713188,-73.985016,40.686977,CSH,9.0,0.5,0.5,0.0,0.0,10.0,0,0,8.0
9205B3DC797AB9B1AA6929F36D6EAED8,389AA47C48F86F55A8B1AAC180CE805C,2013-01-01T00:51:00.000+01:00,2013-01-01T00:55:00.000+01:00,240,0.52,-73.98439,40.769875,-73.98925799999999,40.773365000000005,CSH,4.5,0.5,0.5,0.0,0.0,5.5,0,0,8.0
97BED53B0B5424E1FC28D6499D3387FC,EABBBB74C6DF2AFB406BCF12CF956B74,2013-01-01T00:49:00.000+01:00,2013-01-01T00:55:00.000+01:00,360,1.36,-73.991776,40.726475,-73.980515,40.742607,CRD,6.5,0.5,0.5,1.0,0.0,8.5,0,0,8.0
984981D1C37073D5B6BF9D11D2CDDB21,26E669A9D8004756172F7B93E77C2366,2013-01-01T00:51:00.000+01:00,2013-01-01T00:55:00.000+01:00,240,1.05,-73.97377,40.747372,-73.98397800000001,40.737602,CSH,5.5,0.5,0.5,0.0,0.0,6.5,0,0,8.0
9F4471C9B368AF40AD9F04027BE2F648,426C8BB804A910DEC48B7A9005FDEFCF,2013-01-01T00:50:00.000+01:00,2013-01-01T00:55:00.000+01:00,300,1.02,-73.97694399999999,40.750126,-73.98275,40.739360999999995,CSH,6.0,0.5,0.5,0.0,0.0,7.0,0,0,8.0
B28C65FAE2D2ADEF21FC1279B022E176,A6519EA2BD56AFB2BE217E085A8310C2,2013-01-01T00:50:00.000+01:00,2013-01-01T00:55:00.000+01:00,300,1.1,-73.988884,40.777695,-73.98880799999999,40.769234000000004,CSH,6.0,0.5,0.5,0.0,0.0,7.0,0,0,8.0
B42730CB4C3A127793FD7FDB41E19BE0,A44E37B64DD7EDD8C717633FB2A2C6B9,2013-01-01T00:50:00.000+01:00,2013-01-01T00:55:00.000+01:00,300,1.11,-74.003479,40.743477,-73.98966999999999,40.740662,CSH,5.5,0.5,0.5,0.0,0.0,6.5,0,0,8.0
B73B8C7B56FD6C1408DCE3D487132D0A,CBB2818520E3F3A890A0CBCDF13B2FD3,2013-01-01T00:50:00.000+01:00,2013-01-01T00:55:00.000+01:00,300,2.15,-73.981483,40.778809,-73.967628,40.804638,CSH,7.5,0.5,0.5,0.0,0.0,8.5,0,0,8.0
BE54A97ED1F5798C5464F9473F309281,81F9864853B50C9C2DF3802C52DEF25A,2013-01-01T00:50:00.000+01:00,2013-01-01T00:55:00.000+01:00,300,1.25,-73.96891,40.790848,-73.96891,40.790848,CSH,6.5,0.5,0.5,0.0,0.0,7.5,0,0,8.0
C2CC24411E3027A1C290062ADFDBD68C,EA35AF6A6222EA99C5FFECA186742A86,2013-01-01T00:52:00.000+01:00,2013-01-01T00:55:00.000+01:00,180,1.06,-73.96764399999999,40.760094,-73.958694,40.772265999999995,CSH,5.5,0.5,0.5,0.0,0.0,6.5,0,0,8.0
CD10071B585C1056F9A7A00CBBF19EDC,DDA295081FC2D35259B86BA291B17C9B,2013-01-01T00:53:00.000+01:00,2013-01-01T00:55:00.000+01:00,120,0.62,-73.972099,40.762836,-73.967102,40.766758,CSH,4.5,0.5,0.5,0.0,0.0,5.5,0,0,8.0
D111EEC901448CEE65D1DF98F4E3CE10,8962F17FAA0A29BF05C4660AA4F4E514,2013-01-01T00:48:00.000+01:00,2013-01-01T00:55:00.000+01:00,420,1.52,-74.00936899999999,40.649456,-73.99033399999999,40.660847,CSH,7.5,0.5,0.5,0.0,0.0,8.5,0,0,8.0
D58FD52F89D0622BCDF44354A75F087B,D50944F940D879E97DFB8EF7231CCBD2,2013-01-01T00:48:00.000+01:00,2013-01-01T00:55:00.000+01:00,420,1.45,-73.97623399999999,40.757183000000005,-73.991676,40.723969,CSH,7.5,0.5,0.5,0.0,0.0,8.5,0,0,8.0
D5E0F5050FFA541B0C4E9A2E648103AD,BF1C7E61952BF5B774A3BC639BF6AAB2,2013-01-01T00:51:00.000+01:00,2013-01-01T00:55:00.000+01:00,240,0.7,-73.988312,40.737392,-73.98336,40.738468,CSH,5.0,0.5,0.5,0.0,0.0,6.0,0,0,8.0
DDD05DEE59E54828574885E4CE569BB9,681BBBAACF52F514ECF2C3365E8C68D4,2013-01-01T00:51:00.000+01:00,2013-01-01T00:55:00.000+01:00,240,0.92,-73.984207,40.740276,-73.983749,40.748981,CSH,5.0,0.5,0.5,0.0,0.0,6.0,0,0,8.0
DFEE873CDD1DA7F38CA42A35CF3C003B,89D27C5C7DB2D95240CD7F6DAFC62416,2013-01-01T00:51:00.000+01:00,2013-01-01T00:55:00.000+01:00,240,0.7,-73.987953,40.718639,-73.99904599999999,40.720005,CSH,5.0,0.5,0.5,0.0,0.0,6.0,0,0,8.0
DFF2EEFF6074A167854F5C198C211CB7,685F7E1524EFC40C8FA28B2F17E69F64,2013-01-01T00:49:00.000+01:00,2013-01-01T00:55:00.000+01:00,360,1.09,-73.952972,40.727573,-73.94094799999999,40.721615,CRD,6.5,0.5,0.5,2.1,0.0,9.6,0,0,8.0
EAE22F3BC2D95A67D212B48DE0A672B3,BDC45C8A9D9960A62615CCABAB7210CF,2013-01-01T00:48:00.000+01:00,2013-01-01T00:55:00.000+01:00,420,2.57,-73.963013,40.799122,-73.979713,40.76712,CSH,9.0,0.5,0.5,0.0,0.0,10.0,0,0,8.0
F15B9575033DDAD9851DDDCC0E1353B1,CAF635E958171FDCCA2BCA9245058E72,2013-01-01T00:48:00.000+01:00,2013-01-01T00:55:00.000+01:00,420,1.2,-73.87812,40.752525,-73.89188399999999,40.747059,CSH,6.5,0.5,0.5,0.0,0.0,7.5,0,0,8.0
F2656117E0FEC6FA67B72CDA31683119,E1A686FD1CDD09A329309750E14806E2,2013-01-01T00:48:00.000+01:00,2013-01-01T00:55:00.000+01:00,420,0.99,-73.98824300000001,40.727993,-74.000587,40.728935,CSH,6.5,0.5,0.5,0.0,0.0,7.5,0,0,8.0
F3272C936A648041DF7E5AE7401C3E5B,BA82DF988C332B43794FE3EBC78F7D50,2013-01-01T00:48:00.000+01:00,2013-01-01T00:55:00.000+01:00,420,0.85,-73.989639,40.744991,-73.990685,40.736542,CRD,6.0,0.5,0.5,1.3,0.0,8.3,0,0,8.0
F49C278E31F8B20D8FC85DB014A1EF43,8ACA9226DA1F7BA9E5E5473EDC4BA0ED,2013-01-01T00:48:00.000+01:00,2013-01-01T00:55:00.000+01:00,420,1.31,-74.004456,40.707565,-74.00421899999999,40.721911999999996,CRD,7.0,0.5,0.5,1.5,0.0,9.5,0,0,8.0
F8B6F23234E9A030E3FEF11487A155A8,AFE5AE4BE0FC98079704B30717400DF4,2013-01-01T00:51:00.000+01:00,2013-01-01T00:55:00.000+01:00,240,0.44,-73.9823,40.771751,-73.985535,40.768116,CRD,4.5,0.5,0.5,3.0,0.0,8.5,0,0,8.0
FAE8321D1D3EFE36F973B7F573BCABDC,3FEE646E54EAF58B981C4409C795DB45,2013-01-01T00:52:00.000+01:00,2013-01-01T00:55:00.000+01:00,180,0.67,-73.981895,40.776196,-73.981789,40.782852,CSH,4.5,0.5,0.5,0.0,0.0,5.5,0,0,8.0
FCB95CAD37EF59729737E3BA0D21AC09,83306E622A540656D9509932E80DADB3,2013-01-01T00:49:00.000+01:00,2013-01-01T00:55:00.000+01:00,360,1.0,-73.973228,40.787045,-73.971329,40.797707,CRD,6.5,0.5,0.5,1.4,0.0,8.9,0,0,8.0
FE492381CD1CDD234E12E8817EAAA1FA,9229B0D68ABC52886F8480F739BF241E,2013-01-01T00:51:00.000+01:00,2013-01-01T00:55:00.000+01:00,240,0.86,-73.98119399999999,40.741478,-73.975121,40.75193,CSH,5.0,0.5,0.5,0.0,0.0,6.0,0,0,8.0
00E0904FC59DA2C363F6F70D8AAA3AFF,712528DC51BF2AC92C60D828B754E4CB,2013-01-01T00:50:00.000+01:00,2013-01-01T00:56:00.000+01:00,360,1.48,-74.0019,40.727127,-73.986626,40.734013,CSH,6.5,0.5,0.5,0.0,0.0,7.5,0,0,8.0
06808F2B069EBFA72B16977B7C4672C4,8579ECF890502494F66C689A15167D70,2013-01-01T00:53:00.000+01:00,2013-01-01T00:56:00.000+01:00,180,0.5,-73.978127,40.751549,-73.98494699999999,40.752827,CSH,4.5,0.5,0.5,0.0,0.0,5.5,0,0,8.0
0AF3E5BE2C7E0D065807031EC98BC930,5C673B8F411FCFD3F5BABECA3114AFB9,2013-01-01T00:52:00.000+01:00,2013-01-01T00:56:00.000+01:00,240,0.96,-73.952721,40.783031,-73.948936,40.774029,CSH,5.5,0.5,0.5,0.0,0.0,6.5,0,0,8.0
0ED0E5D3607E0B9C529F83225FF3946E,4C9B1381FFCF30D718F0CD7DC565973E,2013-01-01T00:48:00.000+01:00,2013-01-01T00:56:00.000+01:00,480,1.83,-73.948944,40.784431,-73.967834,40.76786,CSH,8.0,0.5,0.5,0.0,0.0,9.0,0,0,8.0
127A741085EBCE8E9F7542514493BF62,7B267BB29360ECB868B2525DBCD2BF3E,2013-01-01T00:50:00.000+01:00,2013-01-01T00:56:00.000+01:00,360,1.74,-73.964897,40.756691,-73.953835,40.776241,CSH,7.0,0.5,0.5,0.0,0.0,8.0,0,0,8.0
17D8DC59549D6B02AE50FFE726A03FA2,0BB61C85B29B80015D67F4445466669C,2013-01-01T00:48:00.000+01:00,2013-01-01T00:56:00.000+01:00,480,1.28,-73.994812,40.718703999999995,-73.991043,40.717682,CRD,7.5,0.5,0.5,1.6,0.0,10.1,0,0,8.0
191115180C29B1E2AF8BE0FD0ABD138F,DFFE1FD5CD1D891A127CE203D532616E,2013-01-01T00:50:00.000+01:00,2013-01-01T00:56:00.000+01:00,360,1.99,-73.977829,40.729591,-73.969246,40.751171,CRD,8.0,0.5,0.5,1.7,0.0,10.7,0,0,8.0
1A052D0501F70E8A989BA6BF44A72880,5428D441EB23C859AF5AEA63B3BB6897,2013-01-01T00:51:00.000+01:00,2013-01-01T00:56:00.000+01:00,300,2.13,-73.98569499999999,40.773121,-73.967056,40.798576000000004,CSH,7.5,0.5,0.5,0.0,0.0,8.5,0,0,8.0
20176D06D17A5E121714ED437FA9F6F0,897AD00DE9DB11E43278CB93ADBB220C,2013-01-01T00:48:00.000+01:00,2013-01-01T00:56:00.000+01:00,480,1.59,-74.003899,40.729771,-73.99192,40.717617,CSH,7.5,0.5,0.5,0.0,0.0,8.5,0,0,8.0
205CCC9B84F0BCA91B461CC53E27BB71,174F00FEDED4FC7517931A15F73D7DB3,2013-01-01T00:50:00.000+01:00,2013-01-01T00:56:00.000+01:00,360,1.3,-73.962959,40.769283,-73.948212,40.774567,CSH,6.5,0.5,0.5,0.0,0.0,7.5,0,0,8.0
2111CFA825ECEE9430C3F075E8DC2E5A,AFF11F3EBD45DDC7FB04D0D6CFAD8A8F,2013-01-01T00:50:00.000+01:00,2013-01-01T00:56:00.000+01:00,360,1.31,-73.979523,40.7439,-73.986221,40.730694,CSH,6.5,0.5,0.5,0.0,0.0,7.5,0,0,8.0
22B328EF08B7367B81B29CD5E047CE82,A658ABE3C137F8FAB8D16E2F0304ECB6,2013-01-01T00:53:00.000+01:00,2013-01-01T00:56:00.000+01:00,180,0.52,-73.99472800000001,40.727897999999996,-74.001152,40.730968,CSH,4.0,0.5,0.5,0.0,0.0,5.0,0,0,8.0
25EB6FA86DE1B181435EBD2B484D0D23,530090D936322FB3A3F1BFBB1C1FA120,2013-01-01T00:52:00.000+01:00,2013-01-01T00:56:00.000+01:00,240,1.05,-73.969139,40.693172,-73.986244,40.692677,CSH,5.5,0.5,0.5,0.0,0.0,6.5,0,0,8.0
2AABF08CF8994F50A291E20B5E197A0E,102CD7EFFE07638A88B436BC083C2217,2013-01-01T00:52:00.000+01:00,2013-01-01T00:56:00.000+01:00,240,1.42,-73.987206,40.724903000000005,-73.978516,40.741165,CSH,6.0,0.5,0.5,0.0,0.0,7.0,0,0,8.0
2AE719E19E1BAAD6732D63DD4D8BA2F8,17730FA33E0E1D69334D7B490F42871E,2013-01-01T00:49:00.000+01:00,2013-01-01T00:56:00.000+01:00,420,0.83,-73.992287,40.724892,-73.99114200000001,40.737469,CSH,6.0,0.5,0.5,0.0,0.0,7.0,0,0,8.0
2AF58A5DD84CB1BDF128F20C7D7D24B2,64A2BC8FED07E59762100BA826D6A561,2013-01-01T00:52:00.000+01:00,2013-01-01T00:56:00.000+01:00,240,0.73,-73.96543100000001,40.772121000000006,-73.957832,40.776382,CSH,5.0,0.5,0.5,0.0,0.0,6.0,0,0,8.0
35A5A89EEDD357DEF9E83650E20305F5,3C9CFECA9A3BE016A5671BF5D191AF78,2013-01-01T00:51:00.000+01:00,2013-01-01T00:56:00.000+01:00,300,0.46,-73.979515,40.755207,-73.983582,40.749813,CSH,5.0,0.5,0.5,0.0,0.0,6.0,0,0,8.0
37479966BDABB8DEE41A1F58E8E45030,F8BE8007D009E24123ADCFBE45DE24EE,2013-01-01T00:52:00.000+01:00,2013-01-01T00:56:00.000+01:00,240,0.43,-73.978584,40.736729,-73.97406,40.737309,CRD,4.0,0.5,0.5,0.5,0.0,5.5,0,0,8.0
38F276D71C85FAA735674DB3332755E2,BEFA1BE2BC560D3F9A3DBFB3DAE93F2C,2013-01-01T00:52:00.000+01:00,2013-01-01T00:56:00.000+01:00,240,1.13,-73.971321,40.750931,-73.98246,40.738533000000004,CSH,5.5,0.5,0.5,0.0,0.0,6.5,0,0,8.0
3EE0DB79695C196A67FA7B8AB66008A9,FF66B69DDACE26004234D9D96FCB2FE7,2013-01-01T00:51:00.000+01:00,2013-01-01T00:56:00.000+01:00,300,0.75,0.0,0.0,0.0,0.0,CSH,5.0,0.5,0.5,0.0,0.0,6.0,0,0,8.0
4451D3A1843B997DE775D81C264B6540,6236573970AC76EE75DFCA95F139BA47,2013-01-01T00:49:00.000+01:00,2013-01-01T00:56:00.000+01:00,420,1.29,-73.98275799999999,40.751068,-73.96865799999999,40.758053000000004,CRD,7.0,0.5,0.5,1.5,0.0,9.5,0,0,8.0
479B5CA7ABDC8CADA9F88A31B40880A1,3A0669A5392CDC0CC4A23BA5858828A3,2013-01-01T00:48:00.000+01:00,2013-01-01T00:56:00.000+01:00,480,1.69,-73.974289,40.747040000000005,-73.983757,40.726967,CSH,7.5,0.5,0.5,0.0,0.0,8.5,0,0,8.0
4820FE0121A7B6050A63CF8C2ECD2137,F6743A4B55CEA71309A04F7139EF2067,2013-01-01T00:48:00.000+01:00,2013-01-01T00:56:00.000+01:00,480,1.25,-73.987488,40.738873,-74.00520300000001,40.740047,CSH,7.5,0.5,0.5,0.0,0.0,8.5,0,0,8.0
4CBED68ACF35ED2C41579BD7A0B28F9C,CF0C67692D047AD6A98C5F0192DACE0E,2013-01-01T00:53:00.000+01:00,2013-01-01T00:56:00.000+01:00,180,0.35,-73.986488,40.733917,-73.986954,40.737213,CSH,4.0,0.5,0.5,0.0,0.0,5.0,0,0,8.0
4DF0F508772326326DCBAEA86760564C,07A0DB52FD6860329E48DCE40514C0FE,2013-01-01T00:49:00.000+01:00,2013-01-01T00:56:00.000+01:00,420,1.14,-73.978752,40.736977,-73.98565699999999,40.731499,CRD,6.5,0.5,0.5,1.4,0.0,8.9,0,0,8.0
4FF32D756931CC3BA0CDB4390152B54E,A038B63F46E005BE94EA71C940312DAA,2013-01-01T00:52:00.000+01:00,2013-01-01T00:56:00.000+01:00,240,0.88,-73.975876,40.67403,-73.981125,40.680138,CSH,5.0,0.5,0.5,0.0,0.0,6.0,0,0,8.0
51B28E1B848D854B2A634F0478188F4D,90F08CFA0F6BF691C1E8C680F6C88F7D,2013-01-01T00:48:00.000+01:00,2013-01-01T00:56:00.000+01:00,480,1.82,-74.00164000000001,40.741039,-73.977325,40.746807000000004,CSH,8.0,0.5,0.5,0.0,0.0,9.0,0,0,8.0
53112165A9F6D82B17C04DAF6A53E347,BE6A75CE76DD6B4717AA54374CC3F021,2013-01-01T00:50:00.000+01:00,2013-01-01T00:56:00.000+01:00,360,0.97,-73.96485899999999,40.759910999999995,-73.974815,40.752579,CSH,6.0,0.5,0.5,0.0,0.0,7.0,0,0,8.0
57A88B92DB8A68E087C4FDA97FBEE5B3,7FEFB36213CA8E372C4198DC6084AF78,2013-01-01T00:52:00.000+01:00,2013-01-01T00:56:00.000+01:00,240,0.78,-73.91674,40.764751000000004,-73.92574300000001,40.772228000000005,CSH,5.0,0.5,0.5,0.0,0.0,6.0,0,0,8.0
58DB8D76A5B7E2CE8E3B12B9D3E73CE2,4788D3915BFE2EAEDDD7965E2C38A9DD,2013-01-01T00:51:00.000+01:00,2013-01-01T00:56:00.000+01:00,300,1.31,-73.961784,40.771015000000006,-73.951973,40.783852,CSH,6.5,0.5,0.5,0.0,0.0,7.5,0,0,8.0
5F55508085EE606AC0A93499530E3E64,80A5B453C07F132511771374CFF7D297,2013-01-01T00:48:00.000+01:00,2013-01-01T00:56:00.000+01:00,480,1.11,-74.01374799999999,40.709540999999994,-74.005814,40.710312,CSH,7.0,0.5,0.5,0.0,0.0,8.0,0,0,8.0
60F19C9FCCDB3E9A92FAD25CE18B3E54,45DA1701E9EAF9FEA4E58ABF197B712B,2013-01-01T00:51:00.000+01:00,2013-01-01T00:56:00.000+01:00,300,0.88,-73.998253,40.733871,-74.004913,40.740809999999996,CRD,5.5,0.5,0.5,1.0,0.0,7.5,0,0,8.0
61F95A60C23F8A914394C0A9B1302210,617631D5F5F6982C600465222CF68228,2013-01-01T00:51:00.000+01:00,2013-01-01T00:56:00.000+01:00,300,1.23,-73.97970600000001,40.783703,-73.94027700000001,40.800509999999996,CSH,6.5,0.5,0.5,0.0,0.0,7.5,0,0,8.0
693AB90E275CC6261A3E0F56CE94441C,38AE6BD31887EC5F00446498413C14D9,2013-01-01T00:51:00.000+01:00,2013-01-01T00:56:00.000+01:00,300,1.14,-73.981094,40.750336,-73.9683,40.758827000000004,CSH,6.0,0.5,0.5,0.0,0.0,7.0,0,0,8.0
69AA4123B3E1670F5F138F35DE08A86C,A2776B52054B7D5ABA118B1CD38C3020,2013-01-01T00:49:00.000+01:00,2013-01-01T00:56:00.000+01:00,420,2.39,-73.966545,40.753277000000004,-73.948929,40.782447999999995,CSH,8.5,0.5,0.5,0.0,0.0,9.5,0,0,8.0
6FDA7FD58327D58C6CBB34FEC5F6A8CB,06CA3B6DBEF2500BA5F8C27006AA0953,2013-01-01T00:52:00.000+01:00,2013-01-01T00:56:00.000+01:00,240,1.06,-73.954491,40.786518,-73.964691,40.792640999999996,CRD,5.5,0.5,0.5,1.2,0.0,7.7,0,0,8.0
6FDD27B073594BBCC4BC4BB77EB0E5C3,F5809F31FCD54769414A3E1F3CA05083,2013-01-01T00:49:00.000+01:00,2013-01-01T00:56:00.000+01:00,420,2.19,-73.969284,40.758286,-73.949722,40.784611,CSH,8.5,0.5,0.5,0.0,0.0,9.5,0,0,8.0
6FFCF7A4F34BA44239636028E680E438,0BACEC29CF8CFF253FC488460B457F72,2013-01-01T00:53:00.000+01:00,2013-01-01T00:56:00.000+01:00,180,0.78,-73.952759,40.783306,-73.945908,40.789783,CSH,4.5,0.5,0.5,0.0,0.0,5.5,0,0,8.0
72798E6FC08F7852E7BB059887369FF1,B777A4CF44406E42B517BC605E34A910,2013-01-01T00:50:00.000+01:00,2013-01-01T00:56:00.000+01:00,360,1.4,-73.99859599999999,40.745419,-74.00263199999999,40.759933000000004,CRD,7.0,0.5,0.5,1.5,0.0,9.5,0,0,8.0
74AB002C9DEB2BA209464F2960E630B9,63B1B788067918C2559B391066D3FECF,2013-01-01T00:51:00.000+01:00,2013-01-01T00:56:00.000+01:00,300,0.82,-73.982277,40.738586,-73.982277,40.731891999999995,CRD,5.5,0.5,0.5,1.2,0.0,7.7,0,0,8.0
75B38A8DE8DCE855A5BFEFD924E73404,0B0FC85BEBF4BC63854493FC195BFAF4,2013-01-01T00:51:00.000+01:00,2013-01-01T00:56:00.000+01:00,300,0.99,0.0,0.0,0.0,0.0,CSH,6.0,0.5,0.5,0.0,0.0,7.0,0,0,8.0
76D49C40320F90E63A73940C7BA914AE,6676F4B6FC8BA68328B96709C522D718,2013-01-01T00:50:00.000+01:00,2013-01-01T00:56:00.000+01:00,360,1.36,-73.991325,40.714771,-73.995216,40.728596,CRD,6.5,0.5,0.5,1.4,0.0,8.9,0,0,8.0
76F4D97232DE84BC1E820F719A10AF30,EAF09F5A76036321ED9526991F3EAD32,2013-01-01T00:48:00.000+01:00,2013-01-01T00:56:00.000+01:00,480,1.72,-73.962486,40.755646,-73.979454,40.739754,CRD,8.0,0.5,0.5,1.0,0.0,10.0,0,0,8.0
78A0CCB71F0CD7541B2FF8BC206DC358,5EF60A4F28BDA8892EAC95A1C824461A,2013-01-01T00:48:00.000+01:00,2013-01-01T00:56:00.000+01:00,480,0.23,-74.005211,40.718384,-73.988602,40.702785,CSH,9.0,0.5,0.5,0.0,0.0,10.0,0,0,8.0
8188652799455C7FC9B4A78FA70797EE,EC15344CFC2657C5D7B03795C8196C71,2013-01-01T00:53:00.000+01:00,2013-01-01T00:56:00.000+01:00,180,0.63,-73.93576800000001,40.761108,-73.942421,40.754154,CSH,4.0,0.5,0.5,0.0,0.0,5.0,0,0,8.0
8244910BD1F08A8379796AA7DEC00EB4,4881D2D4577B4F1F77890AF962BEA19F,2013-01-01T00:50:00.000+01:00,2013-01-01T00:56:00.000+01:00,360,1.08,-73.992065,40.739304,-74.00347099999999,40.748447,CRD,6.0,0.5,0.5,1.3,0.0,8.3,0,0,8.0
826B5B29ABAF28C2DA0CB123D77F0B3D,6C06AB5B62C61381193ACACA6CA21D85,2013-01-01T00:50:00.000+01:00,2013-01-01T00:56:00.000+01:00,360,1.41,-73.982704,40.731235999999996,-73.98451999999999,40.744372999999996,CRD,6.5,0.5,0.5,1.4,0.0,8.9,0,0,8.0
8579F879F5FABB11866B359A37C80F73,636F99FC5F4A68F13FB90E7A6B53EAA2,2013-01-01T00:50:00.000+01:00,2013-01-01T00:56:00.000+01:00,360,1.68,0.0,0.0,0.0,0.0,CSH,7.5,0.5,0.5,0.0,0.0,8.5,0,0,8.0
85C0C117CA233F1AF3968D5636783C11,CDFDA32C6349398FB1FB7E3C8B39D591,2013-01-01T00:49:00.000+01:00,2013-01-01T00:56:00.000+01:00,420,0.74,-74.00260899999999,40.734111999999996,-73.998413,40.733105,CSH,6.0,0.5,0.5,0.0,0.0,7.0,0,0,8.0
8802CFCB760848A9E358CAEF7F2B0075,874C1006DC9C864826554E465F6CF80B,2013-01-01T00:48:00.000+01:00,2013-01-01T00:56:00.000+01:00,480,1.08,-73.976212,40.744091,-73.988838,40.739596999999996,CSH,7.0,0.5,0.5,0.0,0.0,8.0,0,0,8.0
89469BDAAA9FB4350BF1DC6908B82AAD,1A19EB0A5355E070F37B12B0690BC670,2013-01-01T00:50:00.000+01:00,2013-01-01T00:56:00.000+01:00,360,1.45,-73.964203,40.76712,-73.97625699999999,40.750916,CRD,7.0,0.5,0.5,1.5,0.0,9.5,0,0,8.0
9409531456308578F69EA758905CA4F9,5E18319AF55617F252065FCE09E43514,2013-01-01T00:51:00.000+01:00,2013-01-01T00:56:00.000+01:00,300,0.54,-73.967484,40.765194,-73.95991500000001,40.763802,CSH,5.0,0.5,0.5,0.0,0.0,6.0,0,0,8.0
95767B613A21B27CA980F7110C4C57B9,99FB978483D20D385C487DB7635EE8C6,2013-01-01T00:52:00.000+01:00,2013-01-01T00:56:00.000+01:00,240,1.06,-73.977547,40.779415,-73.98782299999999,40.779854,CSH,5.5,0.5,0.5,0.0,0.0,6.5,0,0,8.0
9988C74B60FB094A55ED68AFF63FB782,A623A61331AD4CC0ED48C432956E7B71,2013-01-01T00:53:00.000+01:00,2013-01-01T00:56:00.000+01:00,180,0.85,-73.96527900000001,40.771896000000005,-73.956703,40.778278,CSH,4.5,0.5,0.5,0.0,0.0,5.5,0,0,8.0
9AC7EEB50A195951207B1DA9157AB460,E8E612B762E0FB795A5FE9E2D8883333,2013-01-01T00:52:00.000+01:00,2013-01-01T00:56:00.000+01:00,240,1.28,-73.960205,40.773243,-73.97374,40.762867,CRD,6.0,0.5,0.5,1.3,0.0,8.3,0,0,8.0
A15D70A795948BBF608D89738C4EFCF6,784A57F6411B0027E1A638BE27A32936,2013-01-01T00:51:00.000+01:00,2013-01-01T00:56:00.000+01:00,300,1.17,-73.947571,40.778679,-73.958382,40.768936,CSH,6.0,0.5,0.5,0.0,0.0,7.0,0,0,8.0
A2A98EBEFC64753307BE31D1D0DE5833,25BB66F14D4C7D51512B763DB0335EF3,2013-01-01T00:53:00.000+01:00,2013-01-01T00:56:00.000+01:00,180,0.96,-74.00572199999999,40.741271999999995,-73.996475,40.748009,CSH,5.0,0.5,0.5,0.0,0.0,6.0,0,0,8.0
A455DCC55D89AAFC00DDAC8FEDA01B44,C4E16302BE3CDD008C4EE5F83D2C7FB2,2013-01-01T00:50:00.000+01:00,2013-01-01T00:56:00.000+01:00,360,1.74,-73.980179,40.745781,-73.977257,40.726036,CSH,7.5,0.5,0.5,0.0,0.0,8.5,0,0,8.0
A8AC2AE8E2823DB62E114397870979DA,87729CA913700BD592A4161FC9D2C052,2013-01-01T00:49:00.000+01:00,2013-01-01T00:56:00.000+01:00,420,3.38,-73.951103,40.770828,-73.980499,40.738701,CRD,11.5,0.5,0.5,2.5,0.0,15.0,0,0,8.0
AA7B3F8E93592C47DCC4955B4C0BEDEC,951B8927761942728A941B7898206063,2013-01-01T00:49:00.000+01:00,2013-01-01T00:56:00.000+01:00,420,1.69,-73.98735,40.749687,-73.98307,40.735085,CRD,7.5,0.5,0.5,1.6,0.0,10.1,0,0,8.0
ABA137B75D5BA45ADF7D1C013899391F,C603256C5F0623EA65223ED9E92C51AA,2013-01-01T00:52:00.000+01:00,2013-01-01T00:56:00.000+01:00,240,0.64,-74.011353,40.70446,-74.01434300000001,40.706112,CRD,5.0,0.5,0.5,1.1,0.0,7.1,0,0,8.0
B17BC338EB62DCD82B7C0CEA024233CE,30FCA09A87DBB276005FA32DC7CD2138,2013-01-01T00:49:00.000+01:00,2013-01-01T00:56:00.000+01:00,420,2.42,-73.96662099999999,40.753353000000004,-73.948929,40.782581,CSH,8.5,0.5,0.5,0.0,0.0,9.5,0,0,8.0
B6F0AC4F3BBD17A5B9FE4F4F25F2E698,A2D02C98A7B91DA340BD5D65801DE313,2013-01-01T00:48:00.000+01:00,2013-01-01T00:56:00.000+01:00,480,2.22,-74.017075,40.705101,-74.010139,40.732966999999995,CRD,9.0,0.5,0.5,1.9,0.0,11.9,0,0,8.0
B72AE7B4BE53C17271DACC1603D04B21,634DF8721F291E62F8949FBA669D6960,2013-01-01T00:50:00.000+01:00,2013-01-01T00:56:00.000+01:00,360,1.03,-73.963074,40.774899,-73.952087,40.777328000000004,CSH,5.5,0.5,0.5,0.0,0.0,6.5,0,0,8.0
BAAC72BF93F2D99F9DC0CD38CB53F96D,F76F6EEA4316F1C8AA483E89700D29CF,2013-01-01T00:50:00.000+01:00,2013-01-01T00:56:00.000+01:00,360,1.53,-73.9244,40.763119,-73.92482,40.775124,CRD,7.0,0.5,0.5,1.5,0.0,9.5,0,0,8.0
BAD0C9027D8997E4A07716150A347014,3092679CD23A372FEB8CE43DF31B669A,2013-01-01T00:49:00.000+01:00,2013-01-01T00:56:00.000+01:00,420,1.68,-73.97683,40.750305,-73.975739,40.733208000000005,CRD,7.0,0.5,0.5,1.5,0.0,9.5,0,0,8.0
BB1ECFED3574A6B308E4F6D69B1C417B,6C55BACC2332DA5F436413CF8DEBF0FD,2013-01-01T00:48:00.000+01:00,2013-01-01T00:56:00.000+01:00,480,1.82,-73.9636,40.771614,-73.976776,40.749821000000004,CSH,8.0,0.5,0.5,0.0,0.0,9.0,0,0,8.0
BF46B95E44ED3BE1BB9B3A6C5AE58A6B,DF5A15D0F664AE5EBBF3EF6AAF95EC04,2013-01-01T00:48:00.000+01:00,2013-01-01T00:56:00.000+01:00,480,0.13,-73.996674,40.763496,-73.995125,40.762798,CSH,6.5,0.5,0.5,0.0,0.0,7.5,0,0,8.0
C355BD433805B56A9D96AA0F205E2CE3,03A5594271066BDD6086E41C8EAB9897,2013-01-01T00:51:00.000+01:00,2013-01-01T00:56:00.000+01:00,300,1.07,-73.988136,40.734524,-73.997711,40.724232,CSH,6.0,0.5,0.5,0.0,0.0,7.0,0,0,8.0
C4242CE6CCA4D6317AE4A61DAEBB6391,30BAEC190FA1C7CF0481981E4D92BB9F,2013-01-01T00:53:00.000+01:00,2013-01-01T00:56:00.000+01:00,180,0.59,-73.97438000000001,40.791016,-73.970497,40.796634999999995,CSH,4.5,0.5,0.5,0.0,0.0,5.5,0,0,8.0
C43D30DB701A6BF1DD863E5686604FD3,BA4C5EFCD024D59019967AA309278F0C,2013-01-01T00:51:00.000+01:00,2013-01-01T00:56:00.000+01:00,300,0.52,-73.98790699999999,40.722515,-73.982773,40.723446,CSH,4.5,0.5,0.5,0.0,0.0,5.5,0,0,8.0
C5C6CF191865C881DF126225D3E0A0DD,A4E2FF331DC315D49D589AC0132BD007,2013-01-01T00:49:00.000+01:00,2013-01-01T00:56:00.000+01:00,420,1.45,-73.961586,40.760265000000004,-73.961586,40.760265000000004,CSH,7.0,0.5,0.5,0.0,0.0,8.0,0,0,8.0
C6315C5FA4E83F9147EAF36B75F1577F,7CC104C9CCB22A99B620FEC0867DE4BE,2013-01-01T00:48:00.000+01:00,2013-01-01T00:56:00.000+01:00,480,2.28,-73.977478,40.755299,-73.95779399999999,40.782326,CSH,8.5,0.5,0.5,0.0,0.0,9.5,0,0,8.0
C7CD5A324582EFE8885A3B2B02124B3F,2590F0470D831D60C93B71D3142136B8,2013-01-01T00:51:00.000+01:00,2013-01-01T00:56:00.000+01:00,300,1.47,-73.976128,40.748508,-73.961349,40.760262,CSH,6.5,0.5,0.5,0.0,0.0,7.5,0,0,8.0
CD89A39EA4C16B62DB67FC52C7A37E53,138B0A7B7D3B898E4314A73E45BEA369,2013-01-01T00:49:00.000+01:00,2013-01-01T00:56:00.000+01:00,420,1.26,-74.007561,40.733028000000004,-74.00973499999999,40.722054,CSH,7.0,0.5,0.5,0.0,0.0,8.0,0,0,8.0
D2897CA9258A622CA97A048C21083B1C,65257496580F622D2708EA8ED35E1CD0,2013-01-01T00:52:00.000+01:00,2013-01-01T00:56:00.000+01:00,240,0.97,-73.961197,40.768806,-73.95060699999999,40.775681,CSH,5.5,0.5,0.5,0.0,0.0,6.5,0,0,8.0
D5C7CD37EA4D372D00F0A681CDC93F11,5BAFA67E50E8A2AE7084D64F4643C5EC,2013-01-01T00:53:00.000+01:00,2013-01-01T00:56:00.000+01:00,180,0.7,-73.94309200000001,40.753262,-73.94309200000001,40.753262,CSH,4.0,0.5,0.5,0.0,0.0,5.0,0,0,8.0
D6F4084E378FAE7EBB2CA55FDEF1F162,82B27199FD48DE808F382732AF40A9C9,2013-01-01T00:49:00.000+01:00,2013-01-01T00:56:00.000+01:00,420,0.95,-73.959671,40.766846,-73.978157,40.766582,CSH,6.5,0.5,0.5,0.0,0.0,7.5,0,0,8.0
D796EED505FE96C591232180B593A21B,7ABF6B6E7F3BD2942B9A27AD5B8A80A1,2013-01-01T00:51:00.000+01:00,2013-01-01T00:56:00.000+01:00,300,0.73,-73.999382,40.693169,-73.951973,40.715561,CSH,5.0,0.5,0.5,0.0,0.0,6.0,0,0,8.0
DBD090E54EA314E8D17AA340E5D7EE6B,31BC459DEEA5818489ED854F52F5172D,2013-01-01T00:49:00.000+01:00,2013-01-01T00:56:00.000+01:00,420,1.24,-73.966614,40.804047,-73.949974,40.806488,CSH,7.0,0.5,0.5,0.0,0.0,8.0,0,0,8.0
DCBE7ED305C0C9962E57269646256836,D81C30CB09FE551B4714B0272A5B7A60,2013-01-01T00:50:00.000+01:00,2013-01-01T00:56:00.000+01:00,360,1.81,-73.970787,40.78833,-73.98783900000001,40.775238,CSH,7.5,0.5,0.5,0.0,0.0,8.5,0,0,8.0
DE85355130669A29081912E9AA6CCD5D,EF455BDA7FE606483B55F0AE79FDF535,2013-01-01T00:52:00.000+01:00,2013-01-01T00:56:00.000+01:00,240,0.44,-73.99481999999999,40.719677000000004,-73.99276,40.724174,CRD,4.5,0.5,0.5,1.5,0.0,7.0,0,0,8.0
DFD77FAD2F98FC845FE33EBF81BBF0CA,07570576F0B71F31372110F17DFDB95F,2013-01-01T00:48:00.000+01:00,2013-01-01T00:56:00.000+01:00,480,1.4,-73.965614,40.774368,-73.948875,40.776610999999995,CSH,7.5,0.5,0.5,0.0,0.0,8.5,0,0,8.0
E0C63959757D3A50D984BE051616BC46,8A05529EC2D68A4D81B3CA6937CA2728,2013-01-01T00:51:00.000+01:00,2013-01-01T00:56:00.000+01:00,300,0.86,-73.944229,40.713631,-73.946945,40.72274,CSH,5.5,0.5,0.5,0.0,0.0,6.5,0,0,8.0
E112AFA0A2F507D4EEC7C98770128232,BEEA8C7C5F5B6E6F3D11FE11ED611031,2013-01-01T00:49:00.000+01:00,2013-01-01T00:56:00.000+01:00,420,0.34,-73.97374,40.754692,-73.978752,40.755272,CRD,6.0,0.5,0.5,1.3,0.0,8.3,0,0,8.0
E386E50F9EEBCEBEE86F38962FF09E56,DD6BC49397C32CD6C74C433D6FBD12B4,2013-01-01T00:48:00.000+01:00,2013-01-01T00:56:00.000+01:00,480,0.92,-74.004173,40.751728,-73.99015,40.746677000000005,CSH,6.5,0.5,0.5,0.0,0.0,7.5,0,0,8.0
E3C6E0FE4D307E8D5920FA02F2F4350A,F1ED5DF02A72F5465F561E34457F5C7D,2013-01-01T00:53:00.000+01:00,2013-01-01T00:56:00.000+01:00,180,0.9,-73.985352,40.747623,-73.99263,40.737365999999994,CSH,5.0,0.5,0.5,0.0,0.0,6.0,0,0,8.0
E7C63C1AB5FFB109DF6A036ADC7C98A2,93226A9A6528FBB349B98D829E13C06F,2013-01-01T00:50:00.000+01:00,2013-01-01T00:56:00.000+01:00,360,0.62,-74.004906,40.735378000000004,-73.998947,40.714496999999994,CSH,5.5,0.5,0.5,0.0,0.0,6.5,0,0,8.0
EAA76CE39B5670FA0FAB086ED79E9C82,BCE9E2758E0901D321760E748750077E,2013-01-01T00:50:00.000+01:00,2013-01-01T00:56:00.000+01:00,360,1.36,-73.968132,40.755306,-73.982224,40.743373999999996,CRD,6.5,0.5,0.5,1.4,0.0,8.9,0,0,8.0
EF3EB052175E9F0CC2412459B1577526,A52E5EDEDC31B2914D57794367175199,2013-01-01T00:48:00.000+01:00,2013-01-01T00:56:00.000+01:00,480,1.09,-73.978821,40.738678,-73.978821,40.738678,CSH,6.5,0.5,0.5,0.0,0.0,7.5,0,0,8.0
F0808FE647D24181BDE28E8A9AEE6358,C0B62EC743022A0A8B5D6EC83AC7BFD0,2013-01-01T00:53:00.000+01:00,2013-01-01T00:56:00.000+01:00,180,0.39,-74.000282,40.753166,-73.997864,40.756283,CRD,4.0,0.5,0.5,1.0,0.0,6.0,0,0,8.0
F3D42CEAA28BA5E81965C47E488553EA,B912B2C155084941CF9A88C835D8237B,2013-01-01T00:51:00.000+01:00,2013-01-01T00:56:00.000+01:00,300,0.93,-73.96791800000001,40.771507,-73.954422,40.765888000000004,CRD,6.0,0.5,0.5,1.62,0.0,8.62,0,0,8.0
F6AC5ED8F624EC43788EA84D9979379C,241AB3536C3494045D967E758844F5B6,2013-01-01T00:49:00.000+01:00,2013-01-01T00:56:00.000+01:00,420,0.75,-74.006584,40.7439,-74.006325,40.736992,CRD,6.0,0.5,0.5,1.3,0.0,8.3,0,0,8.0
